CommitCount,22
DaysActive,2164
FirstCommitDate,2018-02-13
LastCommitDate,2024-01-17
AuthorCount,9
SponsoredAuthorCount,4
PercentageSponsoredAuthors,0.4444444444444444
TimezoneCount,3
AuthorActiveDays_count,9
AuthorActiveDays_mean,56.666666666666664
AuthorActiveDays_stdev,119.6609794377432
AuthorCommitCount_count,9
AuthorCommitCount_mean,2.4444444444444446
AuthorCommitCount_stdev,1.6666666666666667
TimezoneAuthorCount_count,3
TimezoneAuthorCount_mean,3.3333333333333335
TimezoneAuthorCount_stdev,2.081665999466133
TimezoneCommitCount_count,3
TimezoneCommitCount_mean,7.333333333333333
TimezoneCommitCount_stdev,6.110100926607787
CommitMessageSentiment_count,22
CommitMessageSentiment_mean,0
CommitMessageSentiment_stdev,0.0
Tag Count,4
FN,0.18484288354898337
TagCommitCount_count,4
TagCommitCount_mean,4
TagCommitCount_stdev,4.0
commitCentrality_Density,0.027777777777777776
commitCentrality_Community Count,8
commitCentrality_TFN,9
commitCentrality_TFC,0.0
commitCentrality_NumberHighCentralityAuthors,0
commitCentrality_PercentageHighCentralityAuthors,0.0
commitCentrality_Closeness_count,9
commitCentrality_Closeness_mean,0.027777777777777776
commitCentrality_Closeness_stdev,0.055119818980512304
commitCentrality_Betweenness_count,9
commitCentrality_Betweenness_mean,0.0
commitCentrality_Betweenness_stdev,0.0
commitCentrality_Centrality_count,9
commitCentrality_Centrality_mean,0.027777777777777776
commitCentrality_Centrality_stdev,0.055119818980512304
commitCentrality_CommunityAuthorCount_count,8
commitCentrality_CommunityAuthorCount_mean,1.125
commitCentrality_CommunityAuthorCount_stdev,0.3535533905932738
commitCentrality_CommunityAuthorItemCount_count,8
commitCentrality_CommunityAuthorItemCount_mean,2.75
commitCentrality_CommunityAuthorItemCount_stdev,1.6690459207925603
