Project Name,Package Name,Type Name,NOF,NOPF,NOM,NOPM,LOC,WMC,NC,DIT,LCOM,FANIN,FANOUT
2019,com.amazon,BootStrapVerticle,1,0,3,2,58,7,0,0,0.6666666666666666,0,4
2019,com.amazon.exceptions,KinesisException,0,0,5,4,17,5,0,0,-1.0,0,0
2019,com.amazon.proto,TrackingEventProtos,31,8,124,100,1136,206,0,0,0.3709677419354839,5,3
2019,com.amazon.proto,TrackingEventOrBuilder,0,0,14,0,58,14,2,0,-1.0,0,0
2019,com.amazon.proto,TrackingEvent,28,8,105,96,1050,187,0,1,0.22857142857142856,3,3
2019,com.amazon.proto,Builder,8,0,58,54,559,95,0,1,0.29310344827586204,2,2
2019,com.amazon.util,Constants,13,13,0,0,15,0,0,0,-1.0,5,0
2019,com.amazon.verticles,CacheVerticle,4,0,5,1,64,8,0,0,0.0,3,2
2019,com.amazon.verticles,HttpVerticle,2,0,7,1,100,13,0,0,0.42857142857142855,1,2
2019,com.amazon.verticles,KinesisVerticle,3,0,5,2,84,9,0,0,0.4,1,2
2019,com.amazon.verticles,RedisVerticle,3,0,6,2,100,12,0,0,0.0,3,3
2019,com.amazon.verticles,CacheVerticleTest,5,0,5,4,60,7,0,0,0.0,0,3
2019,com.amazon.verticles,RedisUpdate,1,0,3,1,58,5,0,0,0.0,1,3
2019,com.amazon.verticles,RedisVerticleTest,5,0,8,5,115,11,0,0,0.0,1,5
2019,com.amazon.vo,TrackingMessage,8,0,21,21,82,23,0,0,0.09523809523809523,8,1
2019,graal,Target_io_netty_util_internal_CleanerJava6,1,0,0,0,6,0,0,0,-1.0,0,0
2019,graal,Target_io_netty_util_internal_PlatformDependent0,1,0,0,0,6,0,0,0,-1.0,0,0
2019,graal,Target_io_netty_util_internal_PlatformDependent,1,0,0,0,6,0,0,0,-1.0,0,0
2019,graal,Target_io_netty_util_internal_shaded_org_jctools_util_UnsafeRefArrayAccess,1,1,0,0,6,0,0,0,-1.0,0,0
2019,graal,Target_io_vertx_core_spi_resolver_ResolverProvider,0,0,1,1,8,1,0,0,-1.0,0,0
2019,graal,RuntimeReflectionRegistrationFeature,0,0,1,1,12,1,0,0,-1.0,0,0
