CommitCount,39
DaysActive,2583
FirstCommitDate,2016-12-20
LastCommitDate,2024-01-17
AuthorCount,14
SponsoredAuthorCount,8
PercentageSponsoredAuthors,0.5714285714285714
TimezoneCount,3
AuthorActiveDays_count,14
AuthorActiveDays_mean,55.92857142857143
AuthorActiveDays_stdev,101.67403744373432
AuthorCommitCount_count,14
AuthorCommitCount_mean,2.7857142857142856
AuthorCommitCount_stdev,1.625686668105863
TimezoneAuthorCount_count,3
TimezoneAuthorCount_mean,5.666666666666667
TimezoneAuthorCount_stdev,1.1547005383792515
TimezoneCommitCount_count,3
TimezoneCommitCount_mean,13
TimezoneCommitCount_stdev,1.0
CommitMessageSentiment_count,39
CommitMessageSentiment_mean,0
CommitMessageSentiment_stdev,0.0
Tag Count,4
FN,0.15485869144405728
TagCommitCount_count,4
TagCommitCount_mean,8.5
TagCommitCount_stdev,13.0
commitCentrality_Density,0.04395604395604396
commitCentrality_Community Count,11
commitCentrality_TFN,14
commitCentrality_TFC,0.0
commitCentrality_NumberHighCentralityAuthors,0
commitCentrality_PercentageHighCentralityAuthors,0.0
commitCentrality_Closeness_count,14
commitCentrality_Closeness_mean,0.04395604395604396
commitCentrality_Closeness_stdev,0.0655100482502031
commitCentrality_Betweenness_count,14
commitCentrality_Betweenness_mean,0.0
commitCentrality_Betweenness_stdev,0.0
commitCentrality_Centrality_count,14
commitCentrality_Centrality_mean,0.04395604395604396
commitCentrality_Centrality_stdev,0.0655100482502031
commitCentrality_CommunityAuthorCount_count,11
commitCentrality_CommunityAuthorCount_mean,1.2727272727272727
commitCentrality_CommunityAuthorCount_stdev,0.6466697906828632
commitCentrality_CommunityAuthorItemCount_count,11
commitCentrality_CommunityAuthorItemCount_mean,3.5454545454545454
commitCentrality_CommunityAuthorItemCount_stdev,3.4165373220158557
