CommitCount,83
DaysActive,1588
FirstCommitDate,2019-06-19
LastCommitDate,2023-10-25
AuthorCount,9
SponsoredAuthorCount,4
PercentageSponsoredAuthors,0.4444444444444444
TimezoneCount,6
AuthorActiveDays_count,9
AuthorActiveDays_mean,286.8888888888889
AuthorActiveDays_stdev,399.91606758307563
AuthorCommitCount_count,9
AuthorCommitCount_mean,9.222222222222221
AuthorCommitCount_stdev,10.986102331784664
TimezoneAuthorCount_count,6
TimezoneAuthorCount_mean,2.1666666666666665
TimezoneAuthorCount_stdev,1.1690451944500122
TimezoneCommitCount_count,6
TimezoneCommitCount_mean,13.833333333333334
TimezoneCommitCount_stdev,12.188792666489435
CommitMessageSentiment_count,83
CommitMessageSentiment_mean,-0.024096385542168676
CommitMessageSentiment_stdev,0.34837264931629525
CommitMessageSentimentsPositive_count,4
CommitMessageSentimentsPositive_mean,1
CommitMessageSentimentsPositive_stdev,0.0
CommitMessageSentimentsNegative_count,6
CommitMessageSentimentsNegative_mean,-1
CommitMessageSentimentsNegative_stdev,0.0
Tag Count,7
FN,0.4408060453400504
TagCommitCount_count,7
TagCommitCount_mean,12.142857142857142
TagCommitCount_stdev,11.126972805283735
commitCentrality_Density,0.2777777777777778
commitCentrality_Community Count,2
commitCentrality_TFN,7
commitCentrality_TFC,60.24096385542169
commitCentrality_NumberHighCentralityAuthors,2
commitCentrality_PercentageHighCentralityAuthors,0.2222222222222222
commitCentrality_Closeness_count,9
commitCentrality_Closeness_mean,0.4039682539682539
commitCentrality_Closeness_stdev,0.1863523075780993
commitCentrality_Betweenness_count,9
commitCentrality_Betweenness_mean,0.051587301587301584
commitCentrality_Betweenness_stdev,0.1023653781066657
commitCentrality_Centrality_count,9
commitCentrality_Centrality_mean,0.2777777777777778
commitCentrality_Centrality_stdev,0.20518453753741886
commitCentrality_CommunityAuthorCount_count,2
commitCentrality_CommunityAuthorCount_mean,4.5
commitCentrality_CommunityAuthorCount_stdev,3.5355339059327378
commitCentrality_CommunityAuthorItemCount_count,2
commitCentrality_CommunityAuthorItemCount_mean,41.5
commitCentrality_CommunityAuthorItemCount_stdev,47.37615433949868
