CommitCount,37
DaysActive,1724
FirstCommitDate,2018-12-10
LastCommitDate,2023-08-31
AuthorCount,9
SponsoredAuthorCount,5
PercentageSponsoredAuthors,0.5555555555555556
TimezoneCount,3
AuthorActiveDays_count,9
AuthorActiveDays_mean,37
AuthorActiveDays_stdev,72.11102550927978
AuthorCommitCount_count,9
AuthorCommitCount_mean,4.111111111111111
AuthorCommitCount_stdev,4.013864859597431
TimezoneAuthorCount_count,3
TimezoneAuthorCount_mean,3.6666666666666665
TimezoneAuthorCount_stdev,2.309401076758503
TimezoneCommitCount_count,3
TimezoneCommitCount_mean,12.333333333333334
TimezoneCommitCount_stdev,11.015141094572204
CommitMessageSentiment_count,37
CommitMessageSentiment_mean,0
CommitMessageSentiment_stdev,0.0
Tag Count,3
FN,0.17401392111368907
TagCommitCount_count,3
TagCommitCount_mean,3.3333333333333335
TagCommitCount_stdev,5.773502691896257
commitCentrality_Density,0.19444444444444445
commitCentrality_Community Count,4
commitCentrality_TFN,9
commitCentrality_TFC,0.0
commitCentrality_NumberHighCentralityAuthors,0
commitCentrality_PercentageHighCentralityAuthors,0.0
commitCentrality_Closeness_count,9
commitCentrality_Closeness_mean,0.2125
commitCentrality_Closeness_stdev,0.1277433339748106
commitCentrality_Betweenness_count,9
commitCentrality_Betweenness_mean,0.007936507936507936
commitCentrality_Betweenness_stdev,0.023809523809523808
commitCentrality_Centrality_count,9
commitCentrality_Centrality_mean,0.19444444444444445
commitCentrality_Centrality_stdev,0.1267242193812129
commitCentrality_CommunityAuthorCount_count,4
commitCentrality_CommunityAuthorCount_mean,2.25
commitCentrality_CommunityAuthorCount_stdev,1.5
commitCentrality_CommunityAuthorItemCount_count,4
commitCentrality_CommunityAuthorItemCount_mean,9.25
commitCentrality_CommunityAuthorItemCount_stdev,11.086778913041726
