CommitCount,197
DaysActive,1674
FirstCommitDate,2019-11-18
LastCommitDate,2024-06-18
AuthorCount,12
SponsoredAuthorCount,3
PercentageSponsoredAuthors,0.25
TimezoneCount,5
AuthorActiveDays_count,12
AuthorActiveDays_mean,484.5
AuthorActiveDays_stdev,694.6870453010412
AuthorCommitCount_count,12
AuthorCommitCount_mean,16.416666666666668
AuthorCommitCount_stdev,37.73221033771672
TimezoneAuthorCount_count,5
TimezoneAuthorCount_mean,3.2
TimezoneAuthorCount_stdev,3.492849839314596
TimezoneCommitCount_count,5
TimezoneCommitCount_mean,39.4
TimezoneCommitCount_stdev,67.76282166498086
CommitMessageSentiment_count,197
CommitMessageSentiment_mean,0.06598984771573604
CommitMessageSentiment_stdev,0.45255584828258777
CommitMessageSentimentsPositive_count,22
CommitMessageSentimentsPositive_mean,1.0909090909090908
CommitMessageSentimentsPositive_stdev,0.29424494316824984
CommitMessageSentimentsNegative_count,10
CommitMessageSentimentsNegative_mean,-1.1
CommitMessageSentimentsNegative_stdev,0.31622776601683794
Tag Count,34
FN,2.031063321385902
TagCommitCount_count,34
TagCommitCount_mean,10.235294117647058
TagCommitCount_stdev,5.789535091658061
commitCentrality_Density,0.48484848484848486
commitCentrality_Community Count,2
commitCentrality_TFN,4
commitCentrality_TFC,94.9238578680203
commitCentrality_NumberHighCentralityAuthors,8
commitCentrality_PercentageHighCentralityAuthors,0.6666666666666666
commitCentrality_Closeness_count,12
commitCentrality_Closeness_mean,0.6783051378446115
commitCentrality_Closeness_stdev,0.12605560600580668
commitCentrality_Betweenness_count,12
commitCentrality_Betweenness_mean,0.051515151515151514
commitCentrality_Betweenness_stdev,0.1284674347573656
commitCentrality_Centrality_count,12
commitCentrality_Centrality_mean,0.4848484848484848
commitCentrality_Centrality_stdev,0.24618298195866545
commitCentrality_CommunityAuthorCount_count,2
commitCentrality_CommunityAuthorCount_mean,6
commitCentrality_CommunityAuthorCount_stdev,0.0
commitCentrality_CommunityAuthorItemCount_count,2
commitCentrality_CommunityAuthorItemCount_mean,98.5
commitCentrality_CommunityAuthorItemCount_stdev,106.77312395916867
