CommitCount,34
DaysActive,1604
FirstCommitDate,2019-05-28
LastCommitDate,2023-10-19
AuthorCount,8
SponsoredAuthorCount,7
PercentageSponsoredAuthors,0.875
TimezoneCount,4
AuthorActiveDays_count,8
AuthorActiveDays_mean,124.75
AuthorActiveDays_stdev,236.9272040100081
AuthorCommitCount_count,8
AuthorCommitCount_mean,4.25
AuthorCommitCount_stdev,6.584614100852293
TimezoneAuthorCount_count,4
TimezoneAuthorCount_mean,2.25
TimezoneAuthorCount_stdev,1.2583057392117916
TimezoneCommitCount_count,4
TimezoneCommitCount_mean,8.5
TimezoneCommitCount_stdev,13.674794331177344
CommitMessageSentiment_count,34
CommitMessageSentiment_mean,-0.11764705882352941
CommitMessageSentiment_stdev,0.4776651472212257
CommitMessageSentimentsNegative_count,2
CommitMessageSentimentsNegative_mean,-2
CommitMessageSentimentsNegative_stdev,0.0
Tag Count,1
FN,0.062344139650872814
TagCommitCount_count,1
TagCommitCount_mean,29
TagCommitCount_stdev,
commitCentrality_Density,0.17857142857142858
commitCentrality_Community Count,4
commitCentrality_TFN,8
commitCentrality_TFC,0.0
commitCentrality_NumberHighCentralityAuthors,0
commitCentrality_PercentageHighCentralityAuthors,0.0
commitCentrality_Closeness_count,8
commitCentrality_Closeness_mean,0.17857142857142855
commitCentrality_Closeness_stdev,0.10101525445522107
commitCentrality_Betweenness_count,8
commitCentrality_Betweenness_mean,0.0
commitCentrality_Betweenness_stdev,0.0
commitCentrality_Centrality_count,8
commitCentrality_Centrality_mean,0.17857142857142855
commitCentrality_Centrality_stdev,0.10101525445522107
commitCentrality_CommunityAuthorCount_count,4
commitCentrality_CommunityAuthorCount_mean,2
commitCentrality_CommunityAuthorCount_stdev,0.816496580927726
commitCentrality_CommunityAuthorItemCount_count,4
commitCentrality_CommunityAuthorItemCount_mean,8.5
commitCentrality_CommunityAuthorItemCount_stdev,9.983319421247959
