CommitCount,31
DaysActive,2583
FirstCommitDate,2016-12-20
LastCommitDate,2024-01-17
AuthorCount,13
SponsoredAuthorCount,8
PercentageSponsoredAuthors,0.6153846153846154
TimezoneCount,3
AuthorActiveDays_count,13
AuthorActiveDays_mean,54.53846153846154
AuthorActiveDays_stdev,106.61036174204284
AuthorCommitCount_count,13
AuthorCommitCount_mean,2.3846153846153846
AuthorCommitCount_stdev,1.5566235649883124
TimezoneAuthorCount_count,3
TimezoneAuthorCount_mean,5.333333333333333
TimezoneAuthorCount_stdev,0.5773502691896257
TimezoneCommitCount_count,3
TimezoneCommitCount_mean,10.333333333333334
TimezoneCommitCount_stdev,1.5275252316519468
CommitMessageSentiment_count,31
CommitMessageSentiment_mean,0
CommitMessageSentiment_stdev,0.0
Tag Count,2
FN,0.07742934572202864
TagCommitCount_count,2
TagCommitCount_mean,14
TagCommitCount_stdev,16.97056274847714
commitCentrality_Density,0.05128205128205128
commitCentrality_Community Count,10
commitCentrality_TFN,13
commitCentrality_TFC,0.0
commitCentrality_NumberHighCentralityAuthors,0
commitCentrality_PercentageHighCentralityAuthors,0.0
commitCentrality_Closeness_count,13
commitCentrality_Closeness_mean,0.05128205128205128
commitCentrality_Closeness_stdev,0.07247654105190866
commitCentrality_Betweenness_count,13
commitCentrality_Betweenness_mean,0.0
commitCentrality_Betweenness_stdev,0.0
commitCentrality_Centrality_count,13
commitCentrality_Centrality_mean,0.05128205128205128
commitCentrality_Centrality_stdev,0.07247654105190866
commitCentrality_CommunityAuthorCount_count,10
commitCentrality_CommunityAuthorCount_mean,1.3
commitCentrality_CommunityAuthorCount_stdev,0.6749485577105528
commitCentrality_CommunityAuthorItemCount_count,10
commitCentrality_CommunityAuthorItemCount_mean,3.1
commitCentrality_CommunityAuthorItemCount_stdev,3.0349812373573437
