CommitCount,26
DaysActive,1612
FirstCommitDate,2019-11-26
LastCommitDate,2024-04-26
AuthorCount,9
SponsoredAuthorCount,2
PercentageSponsoredAuthors,0.2222222222222222
TimezoneCount,3
AuthorActiveDays_count,9
AuthorActiveDays_mean,230.11111111111111
AuthorActiveDays_stdev,539.5156263826944
AuthorCommitCount_count,9
AuthorCommitCount_mean,2.888888888888889
AuthorCommitCount_stdev,2.891558595482912
TimezoneAuthorCount_count,3
TimezoneAuthorCount_mean,3.3333333333333335
TimezoneAuthorCount_stdev,2.309401076758503
TimezoneCommitCount_count,3
TimezoneCommitCount_mean,8.666666666666666
TimezoneCommitCount_stdev,11.547005383792516
CommitMessageSentiment_count,26
CommitMessageSentiment_mean,0.038461538461538464
CommitMessageSentiment_stdev,0.34418242032610913
CommitMessageSentimentsPositive_count,2
CommitMessageSentimentsPositive_mean,1
CommitMessageSentimentsPositive_stdev,0.0
CommitMessageSentimentsNegative_count,1
CommitMessageSentimentsNegative_mean,-1
CommitMessageSentimentsNegative_stdev,
Tag Count,12
FN,0.7444168734491315
TagCommitCount_count,12
TagCommitCount_mean,7.166666666666667
TagCommitCount_stdev,3.7376057804023377
commitCentrality_Density,0.6388888888888888
commitCentrality_Community Count,2
commitCentrality_TFN,2
commitCentrality_TFC,88.46153846153845
commitCentrality_NumberHighCentralityAuthors,7
commitCentrality_PercentageHighCentralityAuthors,0.7777777777777778
commitCentrality_Closeness_count,9
commitCentrality_Closeness_mean,0.762962962962963
commitCentrality_Closeness_stdev,0.14572085609560004
commitCentrality_Betweenness_count,9
commitCentrality_Betweenness_mean,0.051587301587301584
commitCentrality_Betweenness_stdev,0.15476190476190477
commitCentrality_Centrality_count,9
commitCentrality_Centrality_mean,0.6388888888888888
commitCentrality_Centrality_stdev,0.30262164679862397
commitCentrality_CommunityAuthorCount_count,2
commitCentrality_CommunityAuthorCount_mean,4.5
commitCentrality_CommunityAuthorCount_stdev,2.1213203435596424
commitCentrality_CommunityAuthorItemCount_count,2
commitCentrality_CommunityAuthorItemCount_mean,13
commitCentrality_CommunityAuthorItemCount_stdev,1.4142135623730951
