CommitCount,15
DaysActive,1794
FirstCommitDate,2018-11-24
LastCommitDate,2023-10-24
AuthorCount,6
SponsoredAuthorCount,4
PercentageSponsoredAuthors,0.6666666666666666
TimezoneCount,3
AuthorActiveDays_count,6
AuthorActiveDays_mean,267
AuthorActiveDays_stdev,648.1410340350316
AuthorCommitCount_count,6
AuthorCommitCount_mean,2.5
AuthorCommitCount_stdev,1.8708286933869707
TimezoneAuthorCount_count,3
TimezoneAuthorCount_mean,2.3333333333333335
TimezoneAuthorCount_stdev,1.1547005383792515
TimezoneCommitCount_count,3
TimezoneCommitCount_mean,5
TimezoneCommitCount_stdev,3.605551275463989
CommitMessageSentiment_count,15
CommitMessageSentiment_mean,0
CommitMessageSentiment_stdev,0.0
Tag Count,3
FN,0.16722408026755853
TagCommitCount_count,3
TagCommitCount_mean,5.666666666666667
TagCommitCount_stdev,6.350852961085883
commitCentrality_Density,0.3333333333333333
commitCentrality_Community Count,2
commitCentrality_TFN,6
commitCentrality_TFC,0.0
commitCentrality_NumberHighCentralityAuthors,0
commitCentrality_PercentageHighCentralityAuthors,0.0
commitCentrality_Closeness_count,6
commitCentrality_Closeness_mean,0.35555555555555557
commitCentrality_Closeness_stdev,0.06885303726590965
commitCentrality_Betweenness_count,6
commitCentrality_Betweenness_mean,0.016666666666666666
commitCentrality_Betweenness_stdev,0.040824829046386304
commitCentrality_Centrality_count,6
commitCentrality_Centrality_mean,0.33333333333333337
commitCentrality_Centrality_stdev,0.10327955589886445
commitCentrality_CommunityAuthorCount_count,2
commitCentrality_CommunityAuthorCount_mean,3
commitCentrality_CommunityAuthorCount_stdev,0.0
commitCentrality_CommunityAuthorItemCount_count,2
commitCentrality_CommunityAuthorItemCount_mean,7.5
commitCentrality_CommunityAuthorItemCount_stdev,2.1213203435596424
