CommitCount,84
DaysActive,1468
FirstCommitDate,2020-05-09
LastCommitDate,2024-05-17
AuthorCount,12
SponsoredAuthorCount,4
PercentageSponsoredAuthors,0.3333333333333333
TimezoneCount,5
AuthorActiveDays_count,12
AuthorActiveDays_mean,113.75
AuthorActiveDays_stdev,315.81874116766295
AuthorCommitCount_count,12
AuthorCommitCount_mean,7
AuthorCommitCount_stdev,13.644845846759068
TimezoneAuthorCount_count,5
TimezoneAuthorCount_mean,2.8
TimezoneAuthorCount_stdev,1.6431676725154982
TimezoneCommitCount_count,5
TimezoneCommitCount_mean,16.8
TimezoneCommitCount_stdev,26.338185207033533
CommitMessageSentiment_count,84
CommitMessageSentiment_mean,-0.03571428571428571
CommitMessageSentiment_stdev,0.5251833545896498
CommitMessageSentimentsPositive_count,4
CommitMessageSentimentsPositive_mean,1.5
CommitMessageSentimentsPositive_stdev,0.5773502691896257
CommitMessageSentimentsNegative_count,7
CommitMessageSentimentsNegative_mean,-1.2857142857142858
CommitMessageSentimentsNegative_stdev,0.4879500364742666
Tag Count,12
FN,0.8174386920980926
TagCommitCount_count,12
TagCommitCount_mean,8.166666666666666
TagCommitCount_stdev,9.023538243075299
commitCentrality_Density,0.19696969696969696
commitCentrality_Community Count,5
commitCentrality_TFN,11
commitCentrality_TFC,54.761904761904766
commitCentrality_NumberHighCentralityAuthors,1
commitCentrality_PercentageHighCentralityAuthors,0.08333333333333333
commitCentrality_Closeness_count,12
commitCentrality_Closeness_mean,0.25656565656565655
commitCentrality_Closeness_stdev,0.16873662408250037
commitCentrality_Betweenness_count,12
commitCentrality_Betweenness_mean,0.016666666666666666
commitCentrality_Betweenness_stdev,0.04946495596146298
commitCentrality_Centrality_count,12
commitCentrality_Centrality_mean,0.19696969696969696
commitCentrality_Centrality_stdev,0.14929502925442673
commitCentrality_CommunityAuthorCount_count,5
commitCentrality_CommunityAuthorCount_mean,2.4
commitCentrality_CommunityAuthorCount_stdev,1.3416407864998738
commitCentrality_CommunityAuthorItemCount_count,5
commitCentrality_CommunityAuthorItemCount_mean,16.8
commitCentrality_CommunityAuthorItemCount_stdev,20.801442257689732
