CommitCount,253
DaysActive,2022
FirstCommitDate,2018-12-04
LastCommitDate,2024-06-18
AuthorCount,12
SponsoredAuthorCount,3
PercentageSponsoredAuthors,0.25
TimezoneCount,5
AuthorActiveDays_count,12
AuthorActiveDays_mean,338.0833333333333
AuthorActiveDays_stdev,609.8669688521995
AuthorCommitCount_count,12
AuthorCommitCount_mean,21.083333333333332
AuthorCommitCount_stdev,55.41817610156655
TimezoneAuthorCount_count,5
TimezoneAuthorCount_mean,3.4
TimezoneAuthorCount_stdev,3.049590136395381
TimezoneCommitCount_count,5
TimezoneCommitCount_mean,50.6
TimezoneCommitCount_stdev,74.73820977251195
CommitMessageSentiment_count,253
CommitMessageSentiment_mean,0.03557312252964427
CommitMessageSentiment_stdev,0.3253803750705997
CommitMessageSentimentsPositive_count,14
CommitMessageSentimentsPositive_mean,1.1428571428571428
CommitMessageSentimentsPositive_stdev,0.36313651960128146
CommitMessageSentimentsNegative_count,7
CommitMessageSentimentsNegative_mean,-1
CommitMessageSentimentsNegative_stdev,0.0
Tag Count,24
FN,1.1869436201780417
TagCommitCount_count,24
TagCommitCount_mean,12.708333333333334
TagCommitCount_stdev,35.9739992659755
commitCentrality_Density,0.2727272727272727
commitCentrality_Community Count,3
commitCentrality_TFN,11
commitCentrality_TFC,77.07509881422925
commitCentrality_NumberHighCentralityAuthors,1
commitCentrality_PercentageHighCentralityAuthors,0.08333333333333333
commitCentrality_Closeness_count,12
commitCentrality_Closeness_mean,0.5365727468988338
commitCentrality_Closeness_stdev,0.12073261459362056
commitCentrality_Betweenness_count,12
commitCentrality_Betweenness_mean,0.09393939393939392
commitCentrality_Betweenness_stdev,0.21375209338271894
commitCentrality_Centrality_count,12
commitCentrality_Centrality_mean,0.27272727272727276
commitCentrality_Centrality_stdev,0.2158275183008363
commitCentrality_CommunityAuthorCount_count,3
commitCentrality_CommunityAuthorCount_mean,4
commitCentrality_CommunityAuthorCount_stdev,1.0
commitCentrality_CommunityAuthorItemCount_count,3
commitCentrality_CommunityAuthorItemCount_mean,84.33333333333333
commitCentrality_CommunityAuthorItemCount_stdev,98.59175083815751
