CommitCount,20
DaysActive,2440
FirstCommitDate,2017-10-05
LastCommitDate,2024-06-10
AuthorCount,10
SponsoredAuthorCount,7
PercentageSponsoredAuthors,0.7
TimezoneCount,3
AuthorActiveDays_count,10
AuthorActiveDays_mean,48.2
AuthorActiveDays_stdev,115.21168922176835
AuthorCommitCount_count,10
AuthorCommitCount_mean,2
AuthorCommitCount_stdev,1.0540925533894598
TimezoneAuthorCount_count,3
TimezoneAuthorCount_mean,4
TimezoneAuthorCount_stdev,1.7320508075688772
TimezoneCommitCount_count,3
TimezoneCommitCount_mean,6.666666666666667
TimezoneCommitCount_stdev,4.041451884327381
CommitMessageSentiment_count,20
CommitMessageSentiment_mean,0
CommitMessageSentiment_stdev,0.0
Tag Count,3
FN,0.12295081967213116
TagCommitCount_count,3
TagCommitCount_mean,5.333333333333333
TagCommitCount_stdev,5.773502691896258
commitCentrality_Density,0.022222222222222223
commitCentrality_Community Count,9
commitCentrality_TFN,10
commitCentrality_TFC,0.0
commitCentrality_NumberHighCentralityAuthors,0
commitCentrality_PercentageHighCentralityAuthors,0.0
commitCentrality_Closeness_count,10
commitCentrality_Closeness_mean,0.02222222222222222
commitCentrality_Closeness_stdev,0.04684855792842043
commitCentrality_Betweenness_count,10
commitCentrality_Betweenness_mean,0.0
commitCentrality_Betweenness_stdev,0.0
commitCentrality_Centrality_count,10
commitCentrality_Centrality_mean,0.02222222222222222
commitCentrality_Centrality_stdev,0.04684855792842043
commitCentrality_CommunityAuthorCount_count,9
commitCentrality_CommunityAuthorCount_mean,1.1111111111111112
commitCentrality_CommunityAuthorCount_stdev,0.33333333333333337
commitCentrality_CommunityAuthorItemCount_count,9
commitCentrality_CommunityAuthorItemCount_mean,2.2222222222222223
commitCentrality_CommunityAuthorItemCount_stdev,1.092906420717
