CommitCount,37
DaysActive,2660
FirstCommitDate,2016-10-05
LastCommitDate,2024-01-17
AuthorCount,14
SponsoredAuthorCount,6
PercentageSponsoredAuthors,0.42857142857142855
TimezoneCount,3
AuthorActiveDays_count,14
AuthorActiveDays_mean,63.785714285714285
AuthorActiveDays_stdev,101.83484258757002
AuthorCommitCount_count,14
AuthorCommitCount_mean,2.642857142857143
AuthorCommitCount_stdev,1.499083969380217
TimezoneAuthorCount_count,3
TimezoneAuthorCount_mean,6.333333333333333
TimezoneAuthorCount_stdev,2.309401076758503
TimezoneCommitCount_count,3
TimezoneCommitCount_mean,12.333333333333334
TimezoneCommitCount_stdev,3.511884584284246
CommitMessageSentiment_count,37
CommitMessageSentiment_mean,0
CommitMessageSentiment_stdev,0.0
Tag Count,5
FN,0.18796992481203006
TagCommitCount_count,5
TagCommitCount_mean,6.8
TagCommitCount_stdev,10.73312629199899
commitCentrality_Density,0.04395604395604396
commitCentrality_Community Count,11
commitCentrality_TFN,14
commitCentrality_TFC,0.0
commitCentrality_NumberHighCentralityAuthors,0
commitCentrality_PercentageHighCentralityAuthors,0.0
commitCentrality_Closeness_count,14
commitCentrality_Closeness_mean,0.04395604395604396
commitCentrality_Closeness_stdev,0.0655100482502031
commitCentrality_Betweenness_count,14
commitCentrality_Betweenness_mean,0.0
commitCentrality_Betweenness_stdev,0.0
commitCentrality_Centrality_count,14
commitCentrality_Centrality_mean,0.04395604395604396
commitCentrality_Centrality_stdev,0.0655100482502031
commitCentrality_CommunityAuthorCount_count,11
commitCentrality_CommunityAuthorCount_mean,1.2727272727272727
commitCentrality_CommunityAuthorCount_stdev,0.6466697906828632
commitCentrality_CommunityAuthorItemCount_count,11
commitCentrality_CommunityAuthorItemCount_mean,3.3636363636363638
commitCentrality_CommunityAuthorItemCount_stdev,3.10717644406388
