CommitCount,33
DaysActive,2617
FirstCommitDate,2017-04-11
LastCommitDate,2024-06-10
AuthorCount,14
SponsoredAuthorCount,9
PercentageSponsoredAuthors,0.6428571428571429
TimezoneCount,3
AuthorActiveDays_count,14
AuthorActiveDays_mean,38.42857142857143
AuthorActiveDays_stdev,99.05221178419318
AuthorCommitCount_count,14
AuthorCommitCount_mean,2.357142857142857
AuthorCommitCount_stdev,1.15072838853303
TimezoneAuthorCount_count,3
TimezoneAuthorCount_mean,5.333333333333333
TimezoneAuthorCount_stdev,3.5118845842842465
TimezoneCommitCount_count,3
TimezoneCommitCount_mean,11
TimezoneCommitCount_stdev,8.0
CommitMessageSentiment_count,33
CommitMessageSentiment_mean,0
CommitMessageSentiment_stdev,0.0
Tag Count,2
FN,0.07642338555598013
TagCommitCount_count,2
TagCommitCount_mean,13.5
TagCommitCount_stdev,16.263455967290593
commitCentrality_Density,0.04395604395604396
commitCentrality_Community Count,11
commitCentrality_TFN,14
commitCentrality_TFC,0.0
commitCentrality_NumberHighCentralityAuthors,0
commitCentrality_PercentageHighCentralityAuthors,0.0
commitCentrality_Closeness_count,14
commitCentrality_Closeness_mean,0.04395604395604396
commitCentrality_Closeness_stdev,0.0655100482502031
commitCentrality_Betweenness_count,14
commitCentrality_Betweenness_mean,0.0
commitCentrality_Betweenness_stdev,0.0
commitCentrality_Centrality_count,14
commitCentrality_Centrality_mean,0.04395604395604396
commitCentrality_Centrality_stdev,0.0655100482502031
commitCentrality_CommunityAuthorCount_count,11
commitCentrality_CommunityAuthorCount_mean,1.2727272727272727
commitCentrality_CommunityAuthorCount_stdev,0.6466697906828632
commitCentrality_CommunityAuthorItemCount_count,11
commitCentrality_CommunityAuthorItemCount_mean,3
commitCentrality_CommunityAuthorItemCount_stdev,1.2649110640673518
