CommitCount,33
DaysActive,2338
FirstCommitDate,2017-08-22
LastCommitDate,2024-01-17
AuthorCount,12
SponsoredAuthorCount,7
PercentageSponsoredAuthors,0.5833333333333334
TimezoneCount,3
AuthorActiveDays_count,12
AuthorActiveDays_mean,43.333333333333336
AuthorActiveDays_stdev,106.32825104221817
AuthorCommitCount_count,12
AuthorCommitCount_mean,2.75
AuthorCommitCount_stdev,1.815338686155987
TimezoneAuthorCount_count,3
TimezoneAuthorCount_mean,4.666666666666667
TimezoneAuthorCount_stdev,2.516611478423583
TimezoneCommitCount_count,3
TimezoneCommitCount_mean,11
TimezoneCommitCount_stdev,7.211102550927978
CommitMessageSentiment_count,33
CommitMessageSentiment_mean,0
CommitMessageSentiment_stdev,0.0
Tag Count,4
FN,0.1710863986313088
TagCommitCount_count,4
TagCommitCount_mean,7
TagCommitCount_stdev,10.0
commitCentrality_Density,0.06060606060606061
commitCentrality_Community Count,9
commitCentrality_TFN,12
commitCentrality_TFC,0.0
commitCentrality_NumberHighCentralityAuthors,0
commitCentrality_PercentageHighCentralityAuthors,0.0
commitCentrality_Closeness_count,12
commitCentrality_Closeness_mean,0.06060606060606061
commitCentrality_Closeness_stdev,0.08069321496350859
commitCentrality_Betweenness_count,12
commitCentrality_Betweenness_mean,0.0
commitCentrality_Betweenness_stdev,0.0
commitCentrality_Centrality_count,12
commitCentrality_Centrality_mean,0.06060606060606061
commitCentrality_Centrality_stdev,0.08069321496350859
commitCentrality_CommunityAuthorCount_count,9
commitCentrality_CommunityAuthorCount_mean,1.3333333333333333
commitCentrality_CommunityAuthorCount_stdev,0.7071067811865476
commitCentrality_CommunityAuthorItemCount_count,9
commitCentrality_CommunityAuthorItemCount_mean,3.6666666666666665
commitCentrality_CommunityAuthorItemCount_stdev,3.3911649915626345
