CommitCount,77
DaysActive,1310
FirstCommitDate,2020-01-27
LastCommitDate,2023-08-30
AuthorCount,8
SponsoredAuthorCount,4
PercentageSponsoredAuthors,0.5
TimezoneCount,5
AuthorActiveDays_count,8
AuthorActiveDays_mean,313.75
AuthorActiveDays_stdev,434.77835075554793
AuthorCommitCount_count,8
AuthorCommitCount_mean,9.625
AuthorCommitCount_stdev,15.882942332667998
TimezoneAuthorCount_count,5
TimezoneAuthorCount_mean,2.2
TimezoneAuthorCount_stdev,1.6431676725154984
TimezoneCommitCount_count,5
TimezoneCommitCount_mean,15.4
TimezoneCommitCount_stdev,20.181674856165927
CommitMessageSentiment_count,77
CommitMessageSentiment_mean,-0.012987012987012988
CommitMessageSentiment_stdev,0.525494916934365
CommitMessageSentimentsPositive_count,4
CommitMessageSentimentsPositive_mean,1.5
CommitMessageSentimentsPositive_stdev,0.5773502691896257
CommitMessageSentimentsNegative_count,5
CommitMessageSentimentsNegative_mean,-1.4
CommitMessageSentimentsNegative_stdev,0.5477225575051661
Tag Count,2
FN,0.15267175572519084
TagCommitCount_count,2
TagCommitCount_mean,27.5
TagCommitCount_stdev,2.1213203435596424
commitCentrality_Density,0.25
commitCentrality_Community Count,3
commitCentrality_TFN,7
commitCentrality_TFC,16.883116883116884
commitCentrality_NumberHighCentralityAuthors,1
commitCentrality_PercentageHighCentralityAuthors,0.125
commitCentrality_Closeness_count,8
commitCentrality_Closeness_mean,0.35956825912183055
commitCentrality_Closeness_stdev,0.16077172565108092
commitCentrality_Betweenness_count,8
commitCentrality_Betweenness_mean,0.06547619047619047
commitCentrality_Betweenness_stdev,0.12710807442894417
commitCentrality_Centrality_count,8
commitCentrality_Centrality_mean,0.25
commitCentrality_Centrality_stdev,0.16642353500306215
commitCentrality_CommunityAuthorCount_count,3
commitCentrality_CommunityAuthorCount_mean,2.6666666666666665
commitCentrality_CommunityAuthorCount_stdev,0.5773502691896257
commitCentrality_CommunityAuthorItemCount_count,3
commitCentrality_CommunityAuthorItemCount_mean,25.666666666666668
commitCentrality_CommunityAuthorItemCount_stdev,29.484459183327974
