CommitCount,32
DaysActive,2583
FirstCommitDate,2016-12-20
LastCommitDate,2024-01-17
AuthorCount,14
SponsoredAuthorCount,9
PercentageSponsoredAuthors,0.6428571428571429
TimezoneCount,3
AuthorActiveDays_count,14
AuthorActiveDays_mean,49.857142857142854
AuthorActiveDays_stdev,105.47610530925378
AuthorCommitCount_count,14
AuthorCommitCount_mean,2.2857142857142856
AuthorCommitCount_stdev,1.7288756430151329
TimezoneAuthorCount_count,3
TimezoneAuthorCount_mean,5.666666666666667
TimezoneAuthorCount_stdev,1.1547005383792515
TimezoneCommitCount_count,3
TimezoneCommitCount_mean,10.666666666666666
TimezoneCommitCount_stdev,2.0816659994661326
CommitMessageSentiment_count,32
CommitMessageSentiment_mean,0.03125
CommitMessageSentiment_stdev,0.1767766952966369
CommitMessageSentimentsPositive_count,1
CommitMessageSentimentsPositive_mean,1
CommitMessageSentimentsPositive_stdev,
Tag Count,3
FN,0.11614401858304298
TagCommitCount_count,3
TagCommitCount_mean,9.666666666666666
TagCommitCount_stdev,13.279056191361393
commitCentrality_Density,0.04395604395604396
commitCentrality_Community Count,11
commitCentrality_TFN,14
commitCentrality_TFC,0.0
commitCentrality_NumberHighCentralityAuthors,0
commitCentrality_PercentageHighCentralityAuthors,0.0
commitCentrality_Closeness_count,14
commitCentrality_Closeness_mean,0.04395604395604396
commitCentrality_Closeness_stdev,0.0655100482502031
commitCentrality_Betweenness_count,14
commitCentrality_Betweenness_mean,0.0
commitCentrality_Betweenness_stdev,0.0
commitCentrality_Centrality_count,14
commitCentrality_Centrality_mean,0.04395604395604396
commitCentrality_Centrality_stdev,0.0655100482502031
commitCentrality_CommunityAuthorCount_count,11
commitCentrality_CommunityAuthorCount_mean,1.2727272727272727
commitCentrality_CommunityAuthorCount_stdev,0.6466697906828632
commitCentrality_CommunityAuthorItemCount_count,11
commitCentrality_CommunityAuthorItemCount_mean,2.909090909090909
commitCentrality_CommunityAuthorItemCount_stdev,2.625054111996378
