CommitCount,36
DaysActive,2164
FirstCommitDate,2018-02-13
LastCommitDate,2024-01-17
AuthorCount,12
SponsoredAuthorCount,7
PercentageSponsoredAuthors,0.5833333333333334
TimezoneCount,3
AuthorActiveDays_count,12
AuthorActiveDays_mean,45.083333333333336
AuthorActiveDays_stdev,105.06574420837939
AuthorCommitCount_count,12
AuthorCommitCount_mean,3
AuthorCommitCount_stdev,2.522624895547565
TimezoneAuthorCount_count,3
TimezoneAuthorCount_mean,4.333333333333333
TimezoneAuthorCount_stdev,3.0550504633038935
TimezoneCommitCount_count,3
TimezoneCommitCount_mean,12
TimezoneCommitCount_stdev,12.489995996796797
CommitMessageSentiment_count,36
CommitMessageSentiment_mean,-0.05555555555555555
CommitMessageSentiment_stdev,0.2323106841457232
CommitMessageSentimentsNegative_count,2
CommitMessageSentimentsNegative_mean,-1
CommitMessageSentimentsNegative_stdev,0.0
Tag Count,5
FN,0.23105360443622922
TagCommitCount_count,5
TagCommitCount_mean,3.8
TagCommitCount_stdev,3.492849839314596
commitCentrality_Density,0.015151515151515152
commitCentrality_Community Count,11
commitCentrality_TFN,12
commitCentrality_TFC,0.0
commitCentrality_NumberHighCentralityAuthors,0
commitCentrality_PercentageHighCentralityAuthors,0.0
commitCentrality_Closeness_count,12
commitCentrality_Closeness_mean,0.015151515151515152
commitCentrality_Closeness_stdev,0.03538631564370559
commitCentrality_Betweenness_count,12
commitCentrality_Betweenness_mean,0.0
commitCentrality_Betweenness_stdev,0.0
commitCentrality_Centrality_count,12
commitCentrality_Centrality_mean,0.015151515151515152
commitCentrality_Centrality_stdev,0.03538631564370559
commitCentrality_CommunityAuthorCount_count,11
commitCentrality_CommunityAuthorCount_mean,1.0909090909090908
commitCentrality_CommunityAuthorCount_stdev,0.30151134457776363
commitCentrality_CommunityAuthorItemCount_count,11
commitCentrality_CommunityAuthorItemCount_mean,3.272727272727273
commitCentrality_CommunityAuthorItemCount_stdev,2.5334130768948473
