CommitCount,39
DaysActive,2575
FirstCommitDate,2016-12-28
LastCommitDate,2024-01-17
AuthorCount,14
SponsoredAuthorCount,8
PercentageSponsoredAuthors,0.5714285714285714
TimezoneCount,3
AuthorActiveDays_count,14
AuthorActiveDays_mean,53.642857142857146
AuthorActiveDays_stdev,102.25729775940172
AuthorCommitCount_count,14
AuthorCommitCount_mean,2.7857142857142856
AuthorCommitCount_stdev,1.5776599725577718
TimezoneAuthorCount_count,3
TimezoneAuthorCount_mean,5.666666666666667
TimezoneAuthorCount_stdev,1.1547005383792515
TimezoneCommitCount_count,3
TimezoneCommitCount_mean,13
TimezoneCommitCount_stdev,2.0
CommitMessageSentiment_count,39
CommitMessageSentiment_mean,-0.02564102564102564
CommitMessageSentiment_stdev,0.16012815380508713
CommitMessageSentimentsNegative_count,1
CommitMessageSentimentsNegative_mean,-1
CommitMessageSentimentsNegative_stdev,
Tag Count,2
FN,0.07766990291262137
TagCommitCount_count,2
TagCommitCount_mean,15.5
TagCommitCount_stdev,19.091883092036785
commitCentrality_Density,0.04395604395604396
commitCentrality_Community Count,11
commitCentrality_TFN,14
commitCentrality_TFC,0.0
commitCentrality_NumberHighCentralityAuthors,0
commitCentrality_PercentageHighCentralityAuthors,0.0
commitCentrality_Closeness_count,14
commitCentrality_Closeness_mean,0.04395604395604396
commitCentrality_Closeness_stdev,0.0655100482502031
commitCentrality_Betweenness_count,14
commitCentrality_Betweenness_mean,0.0
commitCentrality_Betweenness_stdev,0.0
commitCentrality_Centrality_count,14
commitCentrality_Centrality_mean,0.04395604395604396
commitCentrality_Centrality_stdev,0.0655100482502031
commitCentrality_CommunityAuthorCount_count,11
commitCentrality_CommunityAuthorCount_mean,1.2727272727272727
commitCentrality_CommunityAuthorCount_stdev,0.6466697906828632
commitCentrality_CommunityAuthorItemCount_count,11
commitCentrality_CommunityAuthorItemCount_mean,3.5454545454545454
commitCentrality_CommunityAuthorItemCount_stdev,3.1101008460703126
