CommitCount,45
DaysActive,2659
FirstCommitDate,2016-10-05
LastCommitDate,2024-01-17
AuthorCount,18
SponsoredAuthorCount,12
PercentageSponsoredAuthors,0.6666666666666666
TimezoneCount,3
AuthorActiveDays_count,18
AuthorActiveDays_mean,47.888888888888886
AuthorActiveDays_stdev,92.70566255240854
AuthorCommitCount_count,18
AuthorCommitCount_mean,2.5
AuthorCommitCount_stdev,1.6890651782777917
TimezoneAuthorCount_count,3
TimezoneAuthorCount_mean,7.333333333333333
TimezoneAuthorCount_stdev,2.516611478423583
TimezoneCommitCount_count,3
TimezoneCommitCount_mean,15
TimezoneCommitCount_stdev,5.291502622129181
CommitMessageSentiment_count,45
CommitMessageSentiment_mean,0
CommitMessageSentiment_stdev,0.0
Tag Count,5
FN,0.188040616773223
TagCommitCount_count,5
TagCommitCount_mean,8.8
TagCommitCount_stdev,10.709808588392232
commitCentrality_Density,0.0392156862745098
commitCentrality_Community Count,13
commitCentrality_TFN,18
commitCentrality_TFC,0.0
commitCentrality_NumberHighCentralityAuthors,0
commitCentrality_PercentageHighCentralityAuthors,0.0
commitCentrality_Closeness_count,18
commitCentrality_Closeness_mean,0.0434640522875817
commitCentrality_Closeness_stdev,0.058018325989083575
commitCentrality_Betweenness_count,18
commitCentrality_Betweenness_mean,0.0008169934640522876
commitCentrality_Betweenness_stdev,0.003466209711698762
commitCentrality_Centrality_count,18
commitCentrality_Centrality_mean,0.0392156862745098
commitCentrality_Centrality_stdev,0.05338148311606059
commitCentrality_CommunityAuthorCount_count,13
commitCentrality_CommunityAuthorCount_mean,1.3846153846153846
commitCentrality_CommunityAuthorCount_stdev,0.869718492622904
commitCentrality_CommunityAuthorItemCount_count,13
commitCentrality_CommunityAuthorItemCount_mean,3.4615384615384617
commitCentrality_CommunityAuthorItemCount_stdev,3.619746414124075
