CommitCount,156
DaysActive,3137
FirstCommitDate,2015-09-22
LastCommitDate,2024-04-24
AuthorCount,17
SponsoredAuthorCount,9
PercentageSponsoredAuthors,0.5294117647058824
TimezoneCount,6
AuthorActiveDays_count,17
AuthorActiveDays_mean,264.05882352941177
AuthorActiveDays_stdev,430.3339503496435
AuthorCommitCount_count,17
AuthorCommitCount_mean,9.176470588235293
AuthorCommitCount_stdev,11.886101621839932
TimezoneAuthorCount_count,6
TimezoneAuthorCount_mean,4.166666666666667
TimezoneAuthorCount_stdev,4.708148963941845
TimezoneCommitCount_count,6
TimezoneCommitCount_mean,26
TimezoneCommitCount_stdev,37.804761604856076
CommitMessageSentiment_count,156
CommitMessageSentiment_mean,0.01282051282051282
CommitMessageSentiment_stdev,0.340534295315739
CommitMessageSentimentsPositive_count,9
CommitMessageSentimentsPositive_mean,1
CommitMessageSentimentsPositive_stdev,0.0
CommitMessageSentimentsNegative_count,6
CommitMessageSentimentsNegative_mean,-1.1666666666666667
CommitMessageSentimentsNegative_stdev,0.408248290463863
Tag Count,14
FN,0.44628626075868666
TagCommitCount_count,14
TagCommitCount_mean,11.142857142857142
TagCommitCount_stdev,27.416606822696526
commitCentrality_Density,0.1323529411764706
commitCentrality_Community Count,5
commitCentrality_TFN,17
commitCentrality_TFC,0.0
commitCentrality_NumberHighCentralityAuthors,0
commitCentrality_PercentageHighCentralityAuthors,0.0
commitCentrality_Closeness_count,17
commitCentrality_Closeness_mean,0.1865226889123948
commitCentrality_Closeness_stdev,0.0851141212426017
commitCentrality_Betweenness_count,17
commitCentrality_Betweenness_mean,0.01764705882352941
commitCentrality_Betweenness_stdev,0.03690292644753471
commitCentrality_Centrality_count,17
commitCentrality_Centrality_mean,0.1323529411764706
commitCentrality_Centrality_stdev,0.08233160175205402
commitCentrality_CommunityAuthorCount_count,5
commitCentrality_CommunityAuthorCount_mean,3.4
commitCentrality_CommunityAuthorCount_stdev,2.073644135332772
commitCentrality_CommunityAuthorItemCount_count,5
commitCentrality_CommunityAuthorItemCount_mean,31.2
commitCentrality_CommunityAuthorItemCount_stdev,32.797865784224435
