CommitCount,30
DaysActive,2476
FirstCommitDate,2017-04-06
LastCommitDate,2024-01-17
AuthorCount,14
SponsoredAuthorCount,8
PercentageSponsoredAuthors,0.5714285714285714
TimezoneCount,3
AuthorActiveDays_count,14
AuthorActiveDays_mean,40.642857142857146
AuthorActiveDays_stdev,98.52965749759514
AuthorCommitCount_count,14
AuthorCommitCount_mean,2.142857142857143
AuthorCommitCount_stdev,1.167320591199077
TimezoneAuthorCount_count,3
TimezoneAuthorCount_mean,5.333333333333333
TimezoneAuthorCount_stdev,3.5118845842842465
TimezoneCommitCount_count,3
TimezoneCommitCount_mean,10
TimezoneCommitCount_stdev,7.0
CommitMessageSentiment_count,30
CommitMessageSentiment_mean,0
CommitMessageSentiment_stdev,0.0
Tag Count,4
FN,0.16155088852988692
TagCommitCount_count,4
TagCommitCount_mean,7
TagCommitCount_stdev,10.0
commitCentrality_Density,0.04395604395604396
commitCentrality_Community Count,11
commitCentrality_TFN,14
commitCentrality_TFC,0.0
commitCentrality_NumberHighCentralityAuthors,0
commitCentrality_PercentageHighCentralityAuthors,0.0
commitCentrality_Closeness_count,14
commitCentrality_Closeness_mean,0.04395604395604396
commitCentrality_Closeness_stdev,0.0655100482502031
commitCentrality_Betweenness_count,14
commitCentrality_Betweenness_mean,0.0
commitCentrality_Betweenness_stdev,0.0
commitCentrality_Centrality_count,14
commitCentrality_Centrality_mean,0.04395604395604396
commitCentrality_Centrality_stdev,0.0655100482502031
commitCentrality_CommunityAuthorCount_count,11
commitCentrality_CommunityAuthorCount_mean,1.2727272727272727
commitCentrality_CommunityAuthorCount_stdev,0.6466697906828632
commitCentrality_CommunityAuthorItemCount_count,11
commitCentrality_CommunityAuthorItemCount_mean,2.727272727272727
commitCentrality_CommunityAuthorItemCount_stdev,1.1908743922772957
