CommitCount,69
DaysActive,1695
FirstCommitDate,2019-12-16
LastCommitDate,2024-08-06
AuthorCount,7
SponsoredAuthorCount,1
PercentageSponsoredAuthors,0.14285714285714285
TimezoneCount,7
AuthorActiveDays_count,7
AuthorActiveDays_mean,201.71428571428572
AuthorActiveDays_stdev,531.0400845779642
AuthorCommitCount_count,7
AuthorCommitCount_mean,9.857142857142858
AuthorCommitCount_stdev,21.698145630664474
TimezoneAuthorCount_count,7
TimezoneAuthorCount_mean,1.2857142857142858
TimezoneAuthorCount_stdev,0.4879500364742666
TimezoneCommitCount_count,7
TimezoneCommitCount_mean,9.857142857142858
TimezoneCommitCount_stdev,12.005950905399253
CommitMessageSentiment_count,69
CommitMessageSentiment_mean,0.014492753623188406
CommitMessageSentiment_stdev,0.27076979712470356
CommitMessageSentimentsPositive_count,3
CommitMessageSentimentsPositive_mean,1
CommitMessageSentimentsPositive_stdev,0.0
CommitMessageSentimentsNegative_count,2
CommitMessageSentimentsNegative_mean,-1
CommitMessageSentimentsNegative_stdev,0.0
Tag Count,14
FN,0.8259587020648967
TagCommitCount_count,14
TagCommitCount_mean,6.357142857142857
TagCommitCount_stdev,9.787017640002203
commitCentrality_Density,0.19047619047619047
commitCentrality_Community Count,4
commitCentrality_TFN,7
commitCentrality_TFC,0.0
commitCentrality_NumberHighCentralityAuthors,0
commitCentrality_PercentageHighCentralityAuthors,0.0
commitCentrality_Closeness_count,7
commitCentrality_Closeness_mean,0.19047619047619047
commitCentrality_Closeness_stdev,0.14995590180707288
commitCentrality_Betweenness_count,7
commitCentrality_Betweenness_mean,0.0
commitCentrality_Betweenness_stdev,0.0
commitCentrality_Centrality_count,7
commitCentrality_Centrality_mean,0.19047619047619047
commitCentrality_Centrality_stdev,0.14995590180707288
commitCentrality_CommunityAuthorCount_count,4
commitCentrality_CommunityAuthorCount_mean,1.75
commitCentrality_CommunityAuthorCount_stdev,0.9574271077563381
commitCentrality_CommunityAuthorItemCount_count,4
commitCentrality_CommunityAuthorItemCount_mean,17.25
commitCentrality_CommunityAuthorItemCount_stdev,31.17023152518013
