CommitCount,33
DaysActive,2583
FirstCommitDate,2016-12-20
LastCommitDate,2024-01-17
AuthorCount,14
SponsoredAuthorCount,9
PercentageSponsoredAuthors,0.6428571428571429
TimezoneCount,3
AuthorActiveDays_count,14
AuthorActiveDays_mean,51.285714285714285
AuthorActiveDays_stdev,103.14845803793868
AuthorCommitCount_count,14
AuthorCommitCount_mean,2.357142857142857
AuthorCommitCount_stdev,1.499083969380217
TimezoneAuthorCount_count,3
TimezoneAuthorCount_mean,5.666666666666667
TimezoneAuthorCount_stdev,1.1547005383792515
TimezoneCommitCount_count,3
TimezoneCommitCount_mean,11
TimezoneCommitCount_stdev,1.7320508075688772
CommitMessageSentiment_count,33
CommitMessageSentiment_mean,0
CommitMessageSentiment_stdev,0.0
Tag Count,3
FN,0.11614401858304298
TagCommitCount_count,3
TagCommitCount_mean,10
TagCommitCount_stdev,13.856406460551018
commitCentrality_Density,0.04395604395604396
commitCentrality_Community Count,11
commitCentrality_TFN,14
commitCentrality_TFC,0.0
commitCentrality_NumberHighCentralityAuthors,0
commitCentrality_PercentageHighCentralityAuthors,0.0
commitCentrality_Closeness_count,14
commitCentrality_Closeness_mean,0.04395604395604396
commitCentrality_Closeness_stdev,0.0655100482502031
commitCentrality_Betweenness_count,14
commitCentrality_Betweenness_mean,0.0
commitCentrality_Betweenness_stdev,0.0
commitCentrality_Centrality_count,14
commitCentrality_Centrality_mean,0.04395604395604396
commitCentrality_Centrality_stdev,0.0655100482502031
commitCentrality_CommunityAuthorCount_count,11
commitCentrality_CommunityAuthorCount_mean,1.2727272727272727
commitCentrality_CommunityAuthorCount_stdev,0.6466697906828632
commitCentrality_CommunityAuthorItemCount_count,11
commitCentrality_CommunityAuthorItemCount_mean,3
commitCentrality_CommunityAuthorItemCount_stdev,2.898275349237888
