CommitCount,178
DaysActive,1482
FirstCommitDate,2020-05-28
LastCommitDate,2024-06-18
AuthorCount,10
SponsoredAuthorCount,4
PercentageSponsoredAuthors,0.4
TimezoneCount,4
AuthorActiveDays_count,10
AuthorActiveDays_mean,508.3
AuthorActiveDays_stdev,687.9618933245262
AuthorCommitCount_count,10
AuthorCommitCount_mean,17.8
AuthorCommitCount_stdev,30.58975863476751
TimezoneAuthorCount_count,4
TimezoneAuthorCount_mean,3.75
TimezoneAuthorCount_stdev,2.0615528128088303
TimezoneCommitCount_count,4
TimezoneCommitCount_mean,44.5
TimezoneCommitCount_stdev,46.2349074473678
CommitMessageSentiment_count,178
CommitMessageSentiment_mean,-0.0056179775280898875
CommitMessageSentiment_stdev,0.27095126443252004
CommitMessageSentimentsPositive_count,5
CommitMessageSentimentsPositive_mean,1
CommitMessageSentimentsPositive_stdev,0.0
CommitMessageSentimentsNegative_count,5
CommitMessageSentimentsNegative_mean,-1.2
CommitMessageSentimentsNegative_stdev,0.4472135954999579
Tag Count,24
FN,1.6194331983805668
TagCommitCount_count,24
TagCommitCount_mean,11.875
TagCommitCount_stdev,7.1158885295665915
commitCentrality_Density,0.5111111111111111
commitCentrality_Community Count,2
commitCentrality_TFN,4
commitCentrality_TFC,94.3820224719101
commitCentrality_NumberHighCentralityAuthors,6
commitCentrality_PercentageHighCentralityAuthors,0.6
commitCentrality_Closeness_count,10
commitCentrality_Closeness_mean,0.6981334841628959
commitCentrality_Closeness_stdev,0.15259078245059346
commitCentrality_Betweenness_count,10
commitCentrality_Betweenness_mean,0.06111111111111111
commitCentrality_Betweenness_stdev,0.13260474804617506
commitCentrality_Centrality_count,10
commitCentrality_Centrality_mean,0.5111111111111111
commitCentrality_Centrality_stdev,0.29256915049083704
commitCentrality_CommunityAuthorCount_count,2
commitCentrality_CommunityAuthorCount_mean,5
commitCentrality_CommunityAuthorCount_stdev,0.0
commitCentrality_CommunityAuthorItemCount_count,2
commitCentrality_CommunityAuthorItemCount_mean,89
commitCentrality_CommunityAuthorItemCount_stdev,76.36753236814714
