Project Name,Package Name,Type Name,NOF,NOPF,NOM,NOPM,LOC,WMC,NC,DIT,LCOM,FANIN,FANOUT
2018,com.amazon,BootStrapVerticle,1,0,3,2,42,5,0,0,0.6666666666666666,0,4
2018,com.amazon.exceptions,KinesisException,0,0,5,4,17,5,0,0,-1.0,0,0
2018,com.amazon.proto,TrackingEventProtos,31,8,124,100,1136,206,0,0,0.3709677419354839,4,3
2018,com.amazon.proto,TrackingEventOrBuilder,0,0,14,0,58,14,2,0,-1.0,0,0
2018,com.amazon.proto,TrackingEvent,28,8,105,96,1050,187,0,1,0.22857142857142856,3,3
2018,com.amazon.proto,Builder,8,0,58,54,559,95,0,1,0.29310344827586204,2,2
2018,com.amazon.util,Constants,13,13,0,0,15,0,0,0,-1.0,6,0
2018,com.amazon.verticles,CacheVerticle,4,0,5,1,64,8,0,0,0.0,3,2
2018,com.amazon.verticles,HttpVerticle,2,0,6,1,93,11,0,0,0.3333333333333333,1,2
2018,com.amazon.verticles,KinesisVerticle,3,0,5,2,84,8,0,0,0.4,1,3
2018,com.amazon.verticles,RedisVerticle,2,0,6,2,99,12,0,0,0.0,3,3
2018,com.amazon.verticles,CacheVerticleTest,5,0,5,4,60,7,0,0,0.0,0,3
2018,com.amazon.verticles,RedisUpdate,2,0,3,1,56,4,0,0,0.0,1,2
2018,com.amazon.verticles,RedisVerticleTest,5,0,8,5,115,11,0,0,0.0,1,5
2018,com.amazon.vo,TrackingMessage,8,0,21,21,82,23,0,0,0.09523809523809523,8,1
