CommitCount,42
DaysActive,1880
FirstCommitDate,2018-08-31
LastCommitDate,2023-10-24
AuthorCount,6
SponsoredAuthorCount,5
PercentageSponsoredAuthors,0.8333333333333334
TimezoneCount,3
AuthorActiveDays_count,6
AuthorActiveDays_mean,373
AuthorActiveDays_stdev,750.4633235541894
AuthorCommitCount_count,6
AuthorCommitCount_mean,7
AuthorCommitCount_stdev,6.899275324264136
TimezoneAuthorCount_count,3
TimezoneAuthorCount_mean,2.6666666666666665
TimezoneAuthorCount_stdev,1.1547005383792515
TimezoneCommitCount_count,3
TimezoneCommitCount_mean,14
TimezoneCommitCount_stdev,3.0
CommitMessageSentiment_count,42
CommitMessageSentiment_mean,-0.023809523809523808
CommitMessageSentiment_stdev,0.1543033499620919
CommitMessageSentimentsNegative_count,1
CommitMessageSentimentsNegative_mean,-1
CommitMessageSentimentsNegative_stdev,
Tag Count,7
FN,0.37234042553191493
TagCommitCount_count,7
TagCommitCount_mean,7.142857142857143
TagCommitCount_stdev,6.618876325292973
commitCentrality_Density,0.4666666666666667
commitCentrality_Community Count,3
commitCentrality_TFN,2
commitCentrality_TFC,90.47619047619048
commitCentrality_NumberHighCentralityAuthors,4
commitCentrality_PercentageHighCentralityAuthors,0.6666666666666666
commitCentrality_Closeness_count,6
commitCentrality_Closeness_mean,0.5295238095238096
commitCentrality_Closeness_stdev,0.2812140831185695
commitCentrality_Betweenness_count,6
commitCentrality_Betweenness_mean,0.05000000000000001
commitCentrality_Betweenness_stdev,0.12247448713915893
commitCentrality_Centrality_count,6
commitCentrality_Centrality_mean,0.46666666666666673
commitCentrality_Centrality_stdev,0.30110906108363245
commitCentrality_CommunityAuthorCount_count,3
commitCentrality_CommunityAuthorCount_mean,2
commitCentrality_CommunityAuthorCount_stdev,1.0
commitCentrality_CommunityAuthorItemCount_count,3
commitCentrality_CommunityAuthorItemCount_mean,14
commitCentrality_CommunityAuthorItemCount_stdev,9.643650760992955
