CommitCount,259
DaysActive,1478
FirstCommitDate,2020-06-01
LastCommitDate,2024-06-18
AuthorCount,8
SponsoredAuthorCount,3
PercentageSponsoredAuthors,0.375
TimezoneCount,4
AuthorActiveDays_count,8
AuthorActiveDays_mean,610.75
AuthorActiveDays_stdev,688.7364725142909
AuthorCommitCount_count,8
AuthorCommitCount_mean,32.375
AuthorCommitCount_stdev,49.621244010432235
TimezoneAuthorCount_count,4
TimezoneAuthorCount_mean,3
TimezoneAuthorCount_stdev,1.8257418583505538
TimezoneCommitCount_count,4
TimezoneCommitCount_mean,64.75
TimezoneCommitCount_stdev,81.48363843946423
CommitMessageSentiment_count,259
CommitMessageSentiment_mean,-0.03861003861003861
CommitMessageSentiment_stdev,0.36095211955606243
CommitMessageSentimentsPositive_count,8
CommitMessageSentimentsPositive_mean,1
CommitMessageSentimentsPositive_stdev,0.0
CommitMessageSentimentsNegative_count,14
CommitMessageSentimentsNegative_mean,-1.2857142857142858
CommitMessageSentimentsNegative_stdev,0.4688072309384954
Tag Count,19
FN,1.2855209742895806
TagCommitCount_count,19
TagCommitCount_mean,16.68421052631579
TagCommitCount_stdev,25.6667805875804
commitCentrality_Density,0.4642857142857143
commitCentrality_Community Count,2
commitCentrality_TFN,5
commitCentrality_TFC,97.2972972972973
commitCentrality_NumberHighCentralityAuthors,3
commitCentrality_PercentageHighCentralityAuthors,0.375
commitCentrality_Closeness_count,8
commitCentrality_Closeness_mean,0.6753253690753691
commitCentrality_Closeness_stdev,0.1522011254380772
commitCentrality_Betweenness_count,8
commitCentrality_Betweenness_mean,0.08928571428571427
commitCentrality_Betweenness_stdev,0.18994398437741103
commitCentrality_Centrality_count,8
commitCentrality_Centrality_mean,0.46428571428571425
commitCentrality_Centrality_stdev,0.28315177399003283
commitCentrality_CommunityAuthorCount_count,2
commitCentrality_CommunityAuthorCount_mean,4
commitCentrality_CommunityAuthorCount_stdev,1.4142135623730951
commitCentrality_CommunityAuthorItemCount_count,2
commitCentrality_CommunityAuthorItemCount_mean,129.5
commitCentrality_CommunityAuthorItemCount_stdev,129.4005409571382
