CommitCount,34
DaysActive,1933
FirstCommitDate,2018-10-10
LastCommitDate,2024-01-26
AuthorCount,10
SponsoredAuthorCount,4
PercentageSponsoredAuthors,0.4
TimezoneCount,3
AuthorActiveDays_count,10
AuthorActiveDays_mean,93
AuthorActiveDays_stdev,214.15830074451418
AuthorCommitCount_count,10
AuthorCommitCount_mean,3.4
AuthorCommitCount_stdev,4.033195589934446
TimezoneAuthorCount_count,3
TimezoneAuthorCount_mean,3.6666666666666665
TimezoneAuthorCount_stdev,4.618802153517007
TimezoneCommitCount_count,3
TimezoneCommitCount_mean,11.333333333333334
TimezoneCommitCount_stdev,17.897858344878397
CommitMessageSentiment_count,34
CommitMessageSentiment_mean,0.029411764705882353
CommitMessageSentiment_stdev,0.17149858514250885
CommitMessageSentimentsPositive_count,1
CommitMessageSentimentsPositive_mean,1
CommitMessageSentimentsPositive_stdev,
Tag Count,5
FN,0.2586652871184687
TagCommitCount_count,5
TagCommitCount_mean,8.8
TagCommitCount_stdev,7.362064927722384
commitCentrality_Density,0.35555555555555557
commitCentrality_Community Count,4
commitCentrality_TFN,4
commitCentrality_TFC,47.05882352941176
commitCentrality_NumberHighCentralityAuthors,6
commitCentrality_PercentageHighCentralityAuthors,0.6
commitCentrality_Closeness_count,10
commitCentrality_Closeness_mean,0.35555555555555557
commitCentrality_Closeness_stdev,0.2608417312838372
commitCentrality_Betweenness_count,10
commitCentrality_Betweenness_mean,0.0
commitCentrality_Betweenness_stdev,0.0
commitCentrality_Centrality_count,10
commitCentrality_Centrality_mean,0.35555555555555557
commitCentrality_Centrality_stdev,0.2608417312838372
commitCentrality_CommunityAuthorCount_count,4
commitCentrality_CommunityAuthorCount_mean,2.5
commitCentrality_CommunityAuthorCount_stdev,2.3804761428476167
commitCentrality_CommunityAuthorItemCount_count,4
commitCentrality_CommunityAuthorItemCount_mean,8.5
commitCentrality_CommunityAuthorItemCount_stdev,8.660254037844387
