Project Name,Package Name,Type Name,NOF,NOPF,NOM,NOPM,LOC,WMC,NC,DIT,LCOM,FANIN,FANOUT
2021,com.azure.samples.communication.calling.activities,CallActivity,22,0,48,4,592,96,0,0,0.16666666666666666,0,9
2021,com.azure.samples.communication.calling.activities,EndActivity,3,0,4,1,39,5,0,0,0.75,0,0
2021,com.azure.samples.communication.calling.activities,IntroActivity,6,0,17,0,116,21,0,0,0.11764705882352941,0,3
2021,com.azure.samples.communication.calling.activities,JoinCallActivity,4,0,10,4,88,18,0,0,0.4,0,1
2021,com.azure.samples.communication.calling.activities,SetupActivity,30,0,27,4,324,49,0,0,0.2222222222222222,0,5
2021,com.azure.samples.communication.calling,AzureCalling,7,1,10,8,54,11,0,0,0.2,1,6
2021,com.azure.samples.communication.calling.external.authentication,AADAuthHandler,4,0,19,18,92,26,0,0,0.15789473684210525,2,1
2021,com.azure.samples.communication.calling.external.calling,CallingContext,26,0,48,23,490,99,0,0,0.041666666666666664,3,2
2021,com.azure.samples.communication.calling.external.calling,JoinCallConfig,5,0,6,6,29,6,0,0,0.0,2,0
2021,com.azure.samples.communication.calling.external.calling,TokenService,4,0,4,3,44,6,0,0,0.5,1,0
2021,com.azure.samples.communication.calling.helpers,AppSettings,5,0,4,4,26,4,0,0,0.0,3,0
2021,com.azure.samples.communication.calling.helpers,AudioSelectionAdapter,1,0,2,1,37,7,0,1,0.0,1,2
2021,com.azure.samples.communication.calling.helpers,AudioSessionManager,1,0,5,4,30,8,0,0,0.4,5,0
2021,com.azure.samples.communication.calling.helpers,BottomCellAdapter,2,0,5,4,21,5,2,0,0.4,0,2
2021,com.azure.samples.communication.calling.helpers,BottomCellItem,5,0,12,12,46,12,0,0,0.16666666666666666,3,0
2021,com.azure.samples.communication.calling.helpers,Constants,4,4,0,0,9,0,0,0,-1.0,5,0
2021,com.azure.samples.communication.calling.helpers,InCallService,1,0,5,5,27,5,0,0,0.4,0,1
2021,com.azure.samples.communication.calling.helpers,ParticipantInfo,2,0,3,3,14,3,0,0,0.0,0,0
2021,com.azure.samples.communication.calling.helpers,ParticipantListAdapter,0,0,2,2,10,2,0,1,-1.0,1,0
2021,com.azure.samples.communication.calling.helpers,PermissionHelper,1,0,4,4,37,8,0,0,1.0,3,0
2021,com.azure.samples.communication.calling.view,AudioDeviceSelectionPopupWindow,3,0,2,2,28,2,0,0,0.0,2,2
2021,com.azure.samples.communication.calling.view,BottomCellViewHolder,4,0,2,2,30,4,0,0,0.0,1,1
2021,com.azure.samples.communication.calling.view,LocalParticipantView,2,0,6,6,55,10,0,1,0.3333333333333333,1,0
2021,com.azure.samples.communication.calling.view,ParticipantListPopupWindow,2,0,3,3,30,3,0,0,0.0,1,1
2021,com.azure.samples.communication.calling.view,ParticipantView,7,0,14,8,101,21,1,0,0.0,1,0
