CommitCount,29
DaysActive,2471
FirstCommitDate,2017-04-11
LastCommitDate,2024-01-17
AuthorCount,14
SponsoredAuthorCount,10
PercentageSponsoredAuthors,0.7142857142857143
TimezoneCount,3
AuthorActiveDays_count,14
AuthorActiveDays_mean,38.785714285714285
AuthorActiveDays_stdev,98.96633349192626
AuthorCommitCount_count,14
AuthorCommitCount_mean,2.0714285714285716
AuthorCommitCount_stdev,1.2066664642907567
TimezoneAuthorCount_count,3
TimezoneAuthorCount_mean,5.333333333333333
TimezoneAuthorCount_stdev,3.5118845842842465
TimezoneCommitCount_count,3
TimezoneCommitCount_mean,9.666666666666666
TimezoneCommitCount_stdev,6.506407098647712
CommitMessageSentiment_count,29
CommitMessageSentiment_mean,0
CommitMessageSentiment_stdev,0.0
Tag Count,3
FN,0.12140833670578711
TagCommitCount_count,3
TagCommitCount_mean,8.666666666666666
TagCommitCount_stdev,11.547005383792516
commitCentrality_Density,0.04395604395604396
commitCentrality_Community Count,11
commitCentrality_TFN,14
commitCentrality_TFC,0.0
commitCentrality_NumberHighCentralityAuthors,0
commitCentrality_PercentageHighCentralityAuthors,0.0
commitCentrality_Closeness_count,14
commitCentrality_Closeness_mean,0.04395604395604396
commitCentrality_Closeness_stdev,0.0655100482502031
commitCentrality_Betweenness_count,14
commitCentrality_Betweenness_mean,0.0
commitCentrality_Betweenness_stdev,0.0
commitCentrality_Centrality_count,14
commitCentrality_Centrality_mean,0.04395604395604396
commitCentrality_Centrality_stdev,0.0655100482502031
commitCentrality_CommunityAuthorCount_count,11
commitCentrality_CommunityAuthorCount_mean,1.2727272727272727
commitCentrality_CommunityAuthorCount_stdev,0.6466697906828632
commitCentrality_CommunityAuthorItemCount_count,11
commitCentrality_CommunityAuthorItemCount_mean,2.6363636363636362
commitCentrality_CommunityAuthorItemCount_stdev,1.2862913567871994
