CommitCount,130
DaysActive,2370
FirstCommitDate,2017-11-09
LastCommitDate,2024-05-07
AuthorCount,8
SponsoredAuthorCount,6
PercentageSponsoredAuthors,0.75
TimezoneCount,5
AuthorActiveDays_count,8
AuthorActiveDays_mean,549.25
AuthorActiveDays_stdev,860.6450653849289
AuthorCommitCount_count,8
AuthorCommitCount_mean,16.25
AuthorCommitCount_stdev,34.80866066287034
TimezoneAuthorCount_count,5
TimezoneAuthorCount_mean,2.2
TimezoneAuthorCount_stdev,0.8366600265340756
TimezoneCommitCount_count,5
TimezoneCommitCount_mean,26
TimezoneCommitCount_stdev,27.175356483402386
CommitMessageSentiment_count,130
CommitMessageSentiment_mean,-0.11538461538461539
CommitMessageSentiment_stdev,0.3658825029473659
CommitMessageSentimentsPositive_count,2
CommitMessageSentimentsPositive_mean,1
CommitMessageSentimentsPositive_stdev,0.0
CommitMessageSentimentsNegative_count,17
CommitMessageSentimentsNegative_mean,-1
CommitMessageSentimentsNegative_stdev,0.0
Tag Count,10
FN,0.42194092827004215
TagCommitCount_count,10
TagCommitCount_mean,13
TagCommitCount_stdev,9.591663046625438
commitCentrality_Density,0.4642857142857143
commitCentrality_Community Count,3
commitCentrality_TFN,4
commitCentrality_TFC,83.84615384615385
commitCentrality_NumberHighCentralityAuthors,4
commitCentrality_PercentageHighCentralityAuthors,0.5
commitCentrality_Closeness_count,8
commitCentrality_Closeness_mean,0.6745775058275059
commitCentrality_Closeness_stdev,0.1486508955913594
commitCentrality_Betweenness_count,8
commitCentrality_Betweenness_mean,0.08928571428571427
commitCentrality_Betweenness_stdev,0.22107535283114135
commitCentrality_Centrality_count,8
commitCentrality_Centrality_mean,0.46428571428571425
commitCentrality_Centrality_stdev,0.28315177399003283
commitCentrality_CommunityAuthorCount_count,3
commitCentrality_CommunityAuthorCount_mean,2.6666666666666665
commitCentrality_CommunityAuthorCount_stdev,0.5773502691896257
commitCentrality_CommunityAuthorItemCount_count,3
commitCentrality_CommunityAuthorItemCount_mean,43.333333333333336
commitCentrality_CommunityAuthorItemCount_stdev,64.66323014923809
