CommitCount,55
DaysActive,2750
FirstCommitDate,2016-07-06
LastCommitDate,2024-01-17
AuthorCount,20
SponsoredAuthorCount,7
PercentageSponsoredAuthors,0.35
TimezoneCount,4
AuthorActiveDays_count,20
AuthorActiveDays_mean,45.9
AuthorActiveDays_stdev,98.72764237244326
AuthorCommitCount_count,20
AuthorCommitCount_mean,2.75
AuthorCommitCount_stdev,1.4823523268955432
TimezoneAuthorCount_count,4
TimezoneAuthorCount_mean,6
TimezoneAuthorCount_stdev,5.033222956847166
TimezoneCommitCount_count,4
TimezoneCommitCount_mean,13.75
TimezoneCommitCount_stdev,10.719919153924002
CommitMessageSentiment_count,55
CommitMessageSentiment_mean,0
CommitMessageSentiment_stdev,0.0
Tag Count,5
FN,0.18181818181818182
TagCommitCount_count,5
TagCommitCount_mean,11.4
TagCommitCount_stdev,13.667479650615912
commitCentrality_Density,0.08421052631578947
commitCentrality_Community Count,12
commitCentrality_TFN,20
commitCentrality_TFC,0.0
commitCentrality_NumberHighCentralityAuthors,0
commitCentrality_PercentageHighCentralityAuthors,0.0
commitCentrality_Closeness_count,20
commitCentrality_Closeness_mean,0.08552631578947367
commitCentrality_Closeness_stdev,0.09141011915987671
commitCentrality_Betweenness_count,20
commitCentrality_Betweenness_mean,0.00029239766081871346
commitCentrality_Betweenness_stdev,0.0008999810106010124
commitCentrality_Centrality_count,20
commitCentrality_Centrality_mean,0.08421052631578947
commitCentrality_Centrality_stdev,0.09100049746006501
commitCentrality_CommunityAuthorCount_count,12
commitCentrality_CommunityAuthorCount_mean,1.6666666666666667
commitCentrality_CommunityAuthorCount_stdev,1.3706888336846836
commitCentrality_CommunityAuthorItemCount_count,12
commitCentrality_CommunityAuthorItemCount_mean,4.583333333333333
commitCentrality_CommunityAuthorItemCount_stdev,5.071459057282921
