Project Name,Package Name,Type Name,NOF,NOPF,NOM,NOPM,LOC,WMC,NC,DIT,LCOM,FANIN,FANOUT
2020,com.amazon,BootStrapVerticle,1,0,2,2,42,4,0,0,1.0,0,4
2020,com.amazon.exceptions,KinesisException,0,0,5,4,17,5,0,0,-1.0,0,0
2020,com.amazon.util,Constants,14,14,0,0,16,0,0,0,-1.0,5,0
2020,com.amazon.verticles,CacheVerticle,4,0,5,1,59,7,0,0,0.0,3,2
2020,com.amazon.verticles,HttpVerticle,2,0,6,1,88,10,0,0,0.5,1,2
2020,com.amazon.verticles,KinesisVerticle,3,0,5,2,84,9,0,0,0.4,1,1
2020,com.amazon.verticles,RedisVerticle,2,0,7,2,84,9,0,0,0.0,3,3
2020,com.amazon.verticles,CacheVerticleTest,4,0,5,4,59,7,0,0,0.0,0,3
2020,com.amazon.verticles,RedisUpdate,1,0,3,1,57,5,0,0,0.0,1,2
2020,com.amazon.verticles,RedisVerticleTest,5,0,8,5,114,11,0,0,0.0,1,5
2020,com.amazon.vo,TrackingMessage,8,0,21,21,82,23,0,0,0.09523809523809523,8,1
2020,graal,Target_io_vertx_core_spi_resolver_ResolverProvider,0,0,1,1,8,1,0,0,-1.0,0,0
2020,graal,RuntimeReflectionRegistrationFeature,0,0,1,1,12,1,0,0,-1.0,0,0
