CommitCount,30
DaysActive,2162
FirstCommitDate,2018-11-06
LastCommitDate,2024-10-08
AuthorCount,8
SponsoredAuthorCount,6
PercentageSponsoredAuthors,0.75
TimezoneCount,3
AuthorActiveDays_count,8
AuthorActiveDays_mean,107.75
AuthorActiveDays_stdev,144.28617397380805
AuthorCommitCount_count,8
AuthorCommitCount_mean,3.75
AuthorCommitCount_stdev,4.832922806867792
TimezoneAuthorCount_count,3
TimezoneAuthorCount_mean,3.3333333333333335
TimezoneAuthorCount_stdev,2.081665999466133
TimezoneCommitCount_count,3
TimezoneCommitCount_mean,10
TimezoneCommitCount_stdev,8.54400374531753
CommitMessageSentiment_count,30
CommitMessageSentiment_mean,-0.1
CommitMessageSentiment_stdev,0.40257789993644877
CommitMessageSentimentsNegative_count,2
CommitMessageSentimentsNegative_mean,-1.5
CommitMessageSentimentsNegative_stdev,0.7071067811865476
Tag Count,4
FN,0.18501387604070307
TagCommitCount_count,4
TagCommitCount_mean,10.5
TagCommitCount_stdev,7.0
commitCentrality_Density,0.39285714285714285
commitCentrality_Community Count,3
commitCentrality_TFN,3
commitCentrality_TFC,43.333333333333336
commitCentrality_NumberHighCentralityAuthors,5
commitCentrality_PercentageHighCentralityAuthors,0.625
commitCentrality_Closeness_count,8
commitCentrality_Closeness_mean,0.39285714285714285
commitCentrality_Closeness_stdev,0.25036416625276114
commitCentrality_Betweenness_count,8
commitCentrality_Betweenness_mean,0.0
commitCentrality_Betweenness_stdev,0.0
commitCentrality_Centrality_count,8
commitCentrality_Centrality_mean,0.39285714285714285
commitCentrality_Centrality_stdev,0.25036416625276114
commitCentrality_CommunityAuthorCount_count,3
commitCentrality_CommunityAuthorCount_mean,2.6666666666666665
commitCentrality_CommunityAuthorCount_stdev,2.081665999466133
commitCentrality_CommunityAuthorItemCount_count,3
commitCentrality_CommunityAuthorItemCount_mean,10
commitCentrality_CommunityAuthorItemCount_stdev,7.937253933193772
