CommitCount,33
DaysActive,2405
FirstCommitDate,2017-06-16
LastCommitDate,2024-01-17
AuthorCount,13
SponsoredAuthorCount,6
PercentageSponsoredAuthors,0.46153846153846156
TimezoneCount,3
AuthorActiveDays_count,13
AuthorActiveDays_mean,45.69230769230769
AuthorActiveDays_stdev,102.13258100412475
AuthorCommitCount_count,13
AuthorCommitCount_mean,2.5384615384615383
AuthorCommitCount_stdev,1.941450686788302
TimezoneAuthorCount_count,3
TimezoneAuthorCount_mean,5
TimezoneAuthorCount_stdev,3.0
TimezoneCommitCount_count,3
TimezoneCommitCount_mean,11
TimezoneCommitCount_stdev,7.0
CommitMessageSentiment_count,33
CommitMessageSentiment_mean,0
CommitMessageSentiment_stdev,0.0
Tag Count,4
FN,0.16632016632016633
TagCommitCount_count,4
TagCommitCount_mean,6.25
TagCommitCount_stdev,8.5
commitCentrality_Density,0.05128205128205128
commitCentrality_Community Count,10
commitCentrality_TFN,13
commitCentrality_TFC,0.0
commitCentrality_NumberHighCentralityAuthors,0
commitCentrality_PercentageHighCentralityAuthors,0.0
commitCentrality_Closeness_count,13
commitCentrality_Closeness_mean,0.05128205128205128
commitCentrality_Closeness_stdev,0.07247654105190866
commitCentrality_Betweenness_count,13
commitCentrality_Betweenness_mean,0.0
commitCentrality_Betweenness_stdev,0.0
commitCentrality_Centrality_count,13
commitCentrality_Centrality_mean,0.05128205128205128
commitCentrality_Centrality_stdev,0.07247654105190866
commitCentrality_CommunityAuthorCount_count,10
commitCentrality_CommunityAuthorCount_mean,1.3
commitCentrality_CommunityAuthorCount_stdev,0.6749485577105528
commitCentrality_CommunityAuthorItemCount_count,10
commitCentrality_CommunityAuthorItemCount_mean,3.3
commitCentrality_CommunityAuthorItemCount_stdev,2.110818693198342
