CommitCount,39
DaysActive,2653
FirstCommitDate,2016-10-05
LastCommitDate,2024-01-10
AuthorCount,14
SponsoredAuthorCount,9
PercentageSponsoredAuthors,0.6428571428571429
TimezoneCount,3
AuthorActiveDays_count,14
AuthorActiveDays_mean,63.5
AuthorActiveDays_stdev,102.12492350058335
AuthorCommitCount_count,14
AuthorCommitCount_mean,2.7857142857142856
AuthorCommitCount_stdev,1.9681530361296535
TimezoneAuthorCount_count,3
TimezoneAuthorCount_mean,6.333333333333333
TimezoneAuthorCount_stdev,2.309401076758503
TimezoneCommitCount_count,3
TimezoneCommitCount_mean,13
TimezoneCommitCount_stdev,4.0
CommitMessageSentiment_count,39
CommitMessageSentiment_mean,-0.05128205128205128
CommitMessageSentiment_stdev,0.32025630761017426
CommitMessageSentimentsNegative_count,1
CommitMessageSentimentsNegative_mean,-2
CommitMessageSentimentsNegative_stdev,
Tag Count,6
FN,0.22615906520919715
TagCommitCount_count,6
TagCommitCount_mean,6.333333333333333
TagCommitCount_stdev,9.647106647418525
commitCentrality_Density,0.04395604395604396
commitCentrality_Community Count,11
commitCentrality_TFN,14
commitCentrality_TFC,0.0
commitCentrality_NumberHighCentralityAuthors,0
commitCentrality_PercentageHighCentralityAuthors,0.0
commitCentrality_Closeness_count,14
commitCentrality_Closeness_mean,0.04395604395604396
commitCentrality_Closeness_stdev,0.0655100482502031
commitCentrality_Betweenness_count,14
commitCentrality_Betweenness_mean,0.0
commitCentrality_Betweenness_stdev,0.0
commitCentrality_Centrality_count,14
commitCentrality_Centrality_mean,0.04395604395604396
commitCentrality_Centrality_stdev,0.0655100482502031
commitCentrality_CommunityAuthorCount_count,11
commitCentrality_CommunityAuthorCount_mean,1.2727272727272727
commitCentrality_CommunityAuthorCount_stdev,0.6466697906828632
commitCentrality_CommunityAuthorItemCount_count,11
commitCentrality_CommunityAuthorItemCount_mean,3.5454545454545454
commitCentrality_CommunityAuthorItemCount_stdev,3.1101008460703126
