CommitCount,38
DaysActive,2583
FirstCommitDate,2016-12-20
LastCommitDate,2024-01-17
AuthorCount,14
SponsoredAuthorCount,9
PercentageSponsoredAuthors,0.6428571428571429
TimezoneCount,3
AuthorActiveDays_count,14
AuthorActiveDays_mean,55.857142857142854
AuthorActiveDays_stdev,102.1777163293725
AuthorCommitCount_count,14
AuthorCommitCount_mean,2.7142857142857144
AuthorCommitCount_stdev,1.7728105208558367
TimezoneAuthorCount_count,3
TimezoneAuthorCount_mean,5.666666666666667
TimezoneAuthorCount_stdev,1.1547005383792515
TimezoneCommitCount_count,3
TimezoneCommitCount_mean,12.666666666666666
TimezoneCommitCount_stdev,1.5275252316519468
CommitMessageSentiment_count,38
CommitMessageSentiment_mean,0
CommitMessageSentiment_stdev,0.0
Tag Count,4
FN,0.15485869144405728
TagCommitCount_count,4
TagCommitCount_mean,8.25
TagCommitCount_stdev,12.5
commitCentrality_Density,0.04395604395604396
commitCentrality_Community Count,11
commitCentrality_TFN,14
commitCentrality_TFC,0.0
commitCentrality_NumberHighCentralityAuthors,0
commitCentrality_PercentageHighCentralityAuthors,0.0
commitCentrality_Closeness_count,14
commitCentrality_Closeness_mean,0.04395604395604396
commitCentrality_Closeness_stdev,0.0655100482502031
commitCentrality_Betweenness_count,14
commitCentrality_Betweenness_mean,0.0
commitCentrality_Betweenness_stdev,0.0
commitCentrality_Centrality_count,14
commitCentrality_Centrality_mean,0.04395604395604396
commitCentrality_Centrality_stdev,0.0655100482502031
commitCentrality_CommunityAuthorCount_count,11
commitCentrality_CommunityAuthorCount_mean,1.2727272727272727
commitCentrality_CommunityAuthorCount_stdev,0.6466697906828632
commitCentrality_CommunityAuthorItemCount_count,11
commitCentrality_CommunityAuthorItemCount_mean,3.4545454545454546
commitCentrality_CommunityAuthorItemCount_stdev,3.1420896347378875
