CommitCount,71
DaysActive,1892
FirstCommitDate,2018-12-17
LastCommitDate,2024-02-21
AuthorCount,18
SponsoredAuthorCount,8
PercentageSponsoredAuthors,0.4444444444444444
TimezoneCount,9
AuthorActiveDays_count,18
AuthorActiveDays_mean,213.88888888888889
AuthorActiveDays_stdev,610.4384045517074
AuthorCommitCount_count,18
AuthorCommitCount_mean,3.9444444444444446
AuthorCommitCount_stdev,7.596223692012036
TimezoneAuthorCount_count,9
TimezoneAuthorCount_mean,2.3333333333333335
TimezoneAuthorCount_stdev,1.6583123951777
TimezoneCommitCount_count,9
TimezoneCommitCount_mean,7.888888888888889
TimezoneCommitCount_stdev,10.166666666666666
CommitMessageSentiment_count,71
CommitMessageSentiment_mean,0.04225352112676056
CommitMessageSentiment_stdev,0.2638516746913397
CommitMessageSentimentsPositive_count,4
CommitMessageSentimentsPositive_mean,1
CommitMessageSentimentsPositive_stdev,0.0
CommitMessageSentimentsNegative_count,1
CommitMessageSentimentsNegative_mean,-1
CommitMessageSentimentsNegative_stdev,
Tag Count,1
FN,0.052854122621564484
TagCommitCount_count,1
TagCommitCount_mean,59
TagCommitCount_stdev,
commitCentrality_Density,0.27450980392156865
commitCentrality_Community Count,5
commitCentrality_TFN,16
commitCentrality_TFC,63.38028169014085
commitCentrality_NumberHighCentralityAuthors,2
commitCentrality_PercentageHighCentralityAuthors,0.1111111111111111
commitCentrality_Closeness_count,18
commitCentrality_Closeness_mean,0.4817049287274759
commitCentrality_Closeness_stdev,0.20316177339994346
commitCentrality_Betweenness_count,18
commitCentrality_Betweenness_mean,0.03349673202614379
commitCentrality_Betweenness_stdev,0.09029185715016373
commitCentrality_Centrality_count,18
commitCentrality_Centrality_mean,0.2745098039215686
commitCentrality_Centrality_stdev,0.23529411764705882
commitCentrality_CommunityAuthorCount_count,5
commitCentrality_CommunityAuthorCount_mean,3.6
commitCentrality_CommunityAuthorCount_stdev,2.6076809620810595
commitCentrality_CommunityAuthorItemCount_count,5
commitCentrality_CommunityAuthorItemCount_mean,14.2
commitCentrality_CommunityAuthorItemCount_stdev,15.073154945133417
