Project Name,Package Name,Type Name,NOF,NOPF,NOM,NOPM,LOC,WMC,NC,DIT,LCOM,FANIN,FANOUT
2020,main.java.app,App,0,0,2,1,59,3,0,0,-1.0,1,2
2020,main.java.service,SearchServiceClient,10,4,14,11,146,27,0,0,0.14285714285714285,2,2
2020,main.java.service,SearchOptions,4,4,0,0,6,0,0,0,-1.0,1,0
2020,com.microsoft.azure.search.samples.client,SearchIndexClient,4,0,14,8,131,19,0,0,0.2857142857142857,2,10
2020,com.microsoft.azure.search.samples.client,RetriableHttpOperation,0,0,1,0,3,1,0,0,-1.0,1,0
2020,com.microsoft.azure.search.samples.client,IndexBatch,1,0,1,0,6,1,0,0,0.0,0,0
2020,com.microsoft.azure.search.samples.client,SearchServiceHelper,5,0,9,8,80,15,0,0,0.5555555555555556,3,4
2020,com.microsoft.azure.search.samples.demo,Address,4,4,5,5,13,5,0,0,0.0,1,0
2020,com.microsoft.azure.search.samples.demo,App,0,0,1,1,18,1,0,0,-1.0,0,1
2020,com.microsoft.azure.search.samples.demo,AzureSearchConfig,6,6,8,7,22,8,0,0,0.25,6,1
2020,com.microsoft.azure.search.samples.demo,DemoOperations,3,0,9,0,80,19,0,0,0.0,0,6
2020,com.microsoft.azure.search.samples.demo,Hotel,12,12,13,13,29,13,0,0,0.0,1,1
2020,com.microsoft.azure.search.samples.demo,IndexOperation,1,0,4,0,20,4,0,0,0.75,1,0
2020,com.microsoft.azure.search.samples.demo,Room,8,8,9,9,21,9,0,0,0.0,0,0
2020,com.microsoft.azure.search.samples.index,ComplexIndexField,0,0,4,4,9,4,0,1,-1.0,0,0
2020,com.microsoft.azure.search.samples.index,IndexDefinition,0,0,4,4,8,4,0,0,-1.0,1,0
2020,com.microsoft.azure.search.samples.index,IndexField,0,0,0,0,2,0,2,0,-1.0,0,0
2020,com.microsoft.azure.search.samples.index,SimpleIndexField,0,0,20,20,26,20,0,1,-1.0,0,0
2020,com.microsoft.azure.search.samples.index,Builder,0,0,10,10,12,10,0,0,-1.0,0,0
2020,com.microsoft.azure.search.samples.index,Suggester,0,0,4,4,8,4,0,0,-1.0,0,0
2020,com.microsoft.azure.search.samples.options,SearchOptions,0,0,34,33,61,37,0,0,-1.0,5,0
2020,com.microsoft.azure.search.samples.options,Builder,0,0,16,16,18,16,0,0,-1.0,0,0
2020,com.microsoft.azure.search.samples.options,SuggestOptions,0,0,22,21,44,24,0,0,-1.0,5,0
2020,com.microsoft.azure.search.samples.options,Builder,0,0,10,10,12,10,0,0,-1.0,0,0
2020,com.microsoft.azure.search.samples.results,IndexBatchOperationResult,0,0,5,5,9,5,0,0,-1.0,0,0
2020,com.microsoft.azure.search.samples.results,IndexBatchResult,0,0,3,3,7,3,0,0,-1.0,1,0
2020,com.microsoft.azure.search.samples.results,SearchResult,0,0,15,15,44,19,0,0,-1.0,1,0
2020,com.microsoft.azure.search.samples.results,SearchHit,0,0,4,4,25,8,0,0,-1.0,0,0
2020,com.microsoft.azure.search.samples.results,FacetValue,0,0,5,5,9,5,0,0,-1.0,0,0
2020,com.microsoft.azure.search.samples.results,SuggestHit,0,0,3,3,9,3,0,0,-1.0,0,0
2020,com.microsoft.azure.search.samples.results,SuggestResult,0,0,3,3,7,3,0,0,-1.0,1,0
2020,(default package),SearchServiceHelperTests,1,0,5,0,27,5,0,0,0.0,0,4
2020,(default package),SearchOptionsTests,0,0,15,0,72,15,0,0,-1.0,0,1
2020,(default package),SuggestOptionsTests,0,0,10,0,48,10,0,0,-1.0,0,1
2020,com.microsoft.azure.search.samples.app,App,0,0,2,1,27,3,0,0,-1.0,1,1
2020,com.microsoft.azure.search.samples.model,Address,5,0,12,12,49,12,0,0,0.0,2,1
2020,com.microsoft.azure.search.samples.model,Document,12,0,26,25,116,28,0,0,0.0,1,4
2020,com.microsoft.azure.search.samples.model,Location,2,0,6,6,34,8,0,0,0.0,2,1
2020,com.microsoft.azure.search.samples.model,Room,8,0,17,17,75,18,0,0,0.0,2,1
2020,com.microsoft.azure.search.samples.service,SearchServiceClient,3,0,14,7,130,21,0,0,0.14285714285714285,1,2
2020,com.microsoft.azure.search.samples.service,SearchServiceHelper,6,0,10,9,79,16,0,0,0.3,2,1
