Project Name,Package Name,Type Name,NOF,NOPF,NOM,NOPM,LOC,WMC,NC,DIT,LCOM,FANIN,FANOUT
2021,com.amazonaws.athena.connector.lambda,CollectionsUtils,0,0,2,1,19,5,0,0,-1.0,3,0
2021,com.amazonaws.athena.connector.lambda,QueryStatusChecker,9,0,5,3,75,10,0,0,0.0,6,1
2021,com.amazonaws.athena.connector.lambda,ThrottlingInvoker,23,0,22,15,193,33,0,0,0.18181818181818182,7,4
2021,com.amazonaws.athena.connector.lambda,ExceptionFilter,0,0,1,0,3,1,0,0,-1.0,2,0
2021,com.amazonaws.athena.connector.lambda,Builder,6,0,7,7,35,7,0,0,1.0,1,2
2021,com.amazonaws.athena.connector.lambda,PublishScriptTest,1,0,1,1,22,4,0,0,0.0,0,0
2021,com.amazonaws.athena.connector.lambda,QueryStatusCheckerTest,2,0,4,4,51,4,0,0,0.0,0,2
2021,com.amazonaws.athena.connector.lambda,ThrottlingInvokerTest,0,0,4,4,46,7,0,0,-1.0,0,2
2021,com.amazonaws.athena.connector.lambda.data,ArrowTypeComparator,1,0,4,2,93,31,0,0,1.0,5,2
2021,com.amazonaws.athena.connector.lambda.data,Block,5,0,25,23,320,52,0,1,0.0,63,5
2021,com.amazonaws.athena.connector.lambda.data,BlockAllocator,0,0,7,0,52,7,1,0,-1.0,40,1
2021,com.amazonaws.athena.connector.lambda.data,BatchGenerator,0,0,1,0,12,1,0,0,-1.0,2,0
2021,com.amazonaws.athena.connector.lambda.data,BlockAllocatorImpl,7,0,13,9,189,22,0,1,0.15384615384615385,19,2
2021,com.amazonaws.athena.connector.lambda.data,BlockAllocatorRegistry,0,0,1,0,11,1,0,0,-1.0,5,0
2021,com.amazonaws.athena.connector.lambda.data,BlockSpiller,0,0,5,0,28,5,1,1,-1.0,5,0
2021,com.amazonaws.athena.connector.lambda.data,BlockUtils,6,2,20,11,1182,272,0,0,0.4,26,6
2021,com.amazonaws.athena.connector.lambda.data,BlockWriter,0,0,3,0,28,3,2,0,-1.0,4,2
2021,com.amazonaws.athena.connector.lambda.data,RowWriter,0,0,1,0,14,1,0,0,-1.0,2,1
2021,com.amazonaws.athena.connector.lambda.data,DateTimeFormatterUtil,5,0,15,9,199,22,0,0,0.2,4,2
2021,com.amazonaws.athena.connector.lambda.data,FieldBuilder,4,0,20,19,183,20,0,0,0.0,6,0
2021,com.amazonaws.athena.connector.lambda.data,FieldResolver,1,0,2,1,29,4,0,0,-1.0,7,1
2021,com.amazonaws.athena.connector.lambda.data,RecordBatchSerDe,1,0,3,3,45,4,0,0,0.6666666666666666,5,1
2021,com.amazonaws.athena.connector.lambda.data,S3BlockSpiller,18,0,15,8,278,27,0,2,0.0,1,9
2021,com.amazonaws.athena.connector.lambda.data,S3BlockSpillReader,3,0,3,3,70,5,0,0,0.0,1,5
2021,com.amazonaws.athena.connector.lambda.data,SchemaAware,0,0,4,3,32,4,1,0,-1.0,0,0
2021,com.amazonaws.athena.connector.lambda.data,SchemaBuilder,3,0,23,23,210,24,0,0,0.08695652173913043,25,1
2021,com.amazonaws.athena.connector.lambda.data,SchemaSerDe,0,0,2,2,28,2,0,0,-1.0,6,0
2021,com.amazonaws.athena.connector.lambda.data,SimpleBlockWriter,1,0,3,3,39,4,0,1,0.0,1,2
2021,com.amazonaws.athena.connector.lambda.data,SpillConfig,13,0,17,15,109,17,0,0,0.23529411764705882,4,4
2021,com.amazonaws.athena.connector.lambda.data,Builder,6,0,8,7,37,8,0,0,1.0,1,2
2021,com.amazonaws.athena.connector.lambda.data,TimeZoneKey,10,2,16,11,191,39,0,0,0.375,3,1
2021,com.amazonaws.athena.connector.lambda.data,BlockTest,5,0,10,9,801,174,0,0,0.2,1,12
2021,com.amazonaws.athena.connector.lambda.data,BlockUtilsTest,3,1,6,6,71,6,0,0,0.0,0,4
2021,com.amazonaws.athena.connector.lambda.data,DateTimeFormatterUtilTest,3,1,11,11,72,11,0,0,0.45454545454545453,0,1
2021,com.amazonaws.athena.connector.lambda.data,S3BlockSpillerTest,12,0,7,7,80,9,0,0,0.5714285714285714,0,11
2021,com.amazonaws.athena.connector.lambda.data,ByteHolder,1,0,2,2,9,2,0,0,0.0,1,0
2021,com.amazonaws.athena.connector.lambda.data,TimeZoneKeyTest,2,0,8,8,157,13,0,0,0.875,0,1
2021,com.amazonaws.athena.connector.lambda.data,UnitTestBlockUtils,0,0,3,1,97,29,0,0,-1.0,2,2
2021,com.amazonaws.athena.connector.lambda.data.projectors,ArrowValueProjector,0,0,1,0,11,1,1,0,-1.0,2,0
2021,com.amazonaws.athena.connector.lambda.data.projectors,ArrowValueProjectorImpl,0,0,4,0,96,27,3,1,-1.0,0,3
2021,com.amazonaws.athena.connector.lambda.data.projectors,Projection,0,0,1,0,3,1,0,0,-1.0,3,0
2021,com.amazonaws.athena.connector.lambda.data.projectors,ListArrowValueProjector,2,0,3,2,33,7,0,2,0.0,1,1
2021,com.amazonaws.athena.connector.lambda.data.projectors,ProjectorUtils,0,0,2,1,14,4,0,0,-1.0,2,0
2021,com.amazonaws.athena.connector.lambda.data.projectors,SimpleArrowValueProjector,2,0,2,2,12,2,0,2,0.0,0,1
2021,com.amazonaws.athena.connector.lambda.data.projectors,StructArrowValueProjector,2,0,3,2,34,6,0,2,0.0,1,1
2021,com.amazonaws.athena.connector.lambda.data.writers.extractors,BigIntExtractor,0,0,1,0,12,1,0,1,-1.0,1,0
2021,com.amazonaws.athena.connector.lambda.data.writers.extractors,BitExtractor,0,0,1,0,12,1,0,1,-1.0,1,0
2021,com.amazonaws.athena.connector.lambda.data.writers.extractors,DateDayExtractor,0,0,1,0,12,1,0,1,-1.0,1,0
2021,com.amazonaws.athena.connector.lambda.data.writers.extractors,DateMilliExtractor,0,0,1,0,12,1,0,1,-1.0,1,0
2021,com.amazonaws.athena.connector.lambda.data.writers.extractors,DecimalExtractor,0,0,1,0,12,1,0,1,-1.0,1,1
2021,com.amazonaws.athena.connector.lambda.data.writers.extractors,Extractor,0,0,0,0,5,0,12,0,-1.0,5,0
2021,com.amazonaws.athena.connector.lambda.data.writers.extractors,Float4Extractor,0,0,1,0,12,1,0,1,-1.0,1,0
2021,com.amazonaws.athena.connector.lambda.data.writers.extractors,Float8Extractor,0,0,1,0,12,1,0,1,-1.0,1,0
2021,com.amazonaws.athena.connector.lambda.data.writers.extractors,IntExtractor,0,0,1,0,12,1,0,1,-1.0,1,0
2021,com.amazonaws.athena.connector.lambda.data.writers.extractors,SmallIntExtractor,0,0,1,0,12,1,0,1,-1.0,1,0
2021,com.amazonaws.athena.connector.lambda.data.writers.extractors,TinyIntExtractor,0,0,1,0,12,1,0,1,-1.0,1,0
2021,com.amazonaws.athena.connector.lambda.data.writers.extractors,VarBinaryExtractor,0,0,1,0,12,1,0,1,-1.0,1,1
2021,com.amazonaws.athena.connector.lambda.data.writers.extractors,VarCharExtractor,0,0,1,0,12,1,0,1,-1.0,1,1
2021,com.amazonaws.athena.connector.lambda.data.writers.fieldwriters,BigIntFieldWriter,4,0,3,2,41,4,0,1,0.6666666666666666,0,3
2021,com.amazonaws.athena.connector.lambda.data.writers.fieldwriters,ConstraintApplier,0,0,1,0,3,1,0,0,-1.0,12,0
2021,com.amazonaws.athena.connector.lambda.data.writers.fieldwriters,BitFieldWriter,4,0,3,2,41,4,0,1,0.6666666666666666,0,3
2021,com.amazonaws.athena.connector.lambda.data.writers.fieldwriters,ConstraintApplier,0,0,1,0,3,1,0,0,-1.0,0,0
2021,com.amazonaws.athena.connector.lambda.data.writers.fieldwriters,DateDayFieldWriter,4,0,3,2,41,4,0,1,0.6666666666666666,0,3
2021,com.amazonaws.athena.connector.lambda.data.writers.fieldwriters,ConstraintApplier,0,0,1,0,3,1,0,0,-1.0,0,0
2021,com.amazonaws.athena.connector.lambda.data.writers.fieldwriters,DateMilliFieldWriter,4,0,3,2,41,4,0,1,0.6666666666666666,0,3
2021,com.amazonaws.athena.connector.lambda.data.writers.fieldwriters,ConstraintApplier,0,0,1,0,3,1,0,0,-1.0,0,0
2021,com.amazonaws.athena.connector.lambda.data.writers.fieldwriters,DecimalFieldWriter,4,0,3,2,47,5,0,1,0.6666666666666666,0,4
2021,com.amazonaws.athena.connector.lambda.data.writers.fieldwriters,ConstraintApplier,0,0,1,0,3,1,0,0,-1.0,0,1
2021,com.amazonaws.athena.connector.lambda.data.writers.fieldwriters,FieldWriter,0,0,1,0,14,1,12,0,-1.0,0,0
2021,com.amazonaws.athena.connector.lambda.data.writers.fieldwriters,FieldWriterFactory,0,0,1,0,14,1,0,0,-1.0,2,2
2021,com.amazonaws.athena.connector.lambda.data.writers.fieldwriters,Float4FieldWriter,4,0,3,2,41,4,0,1,0.6666666666666666,0,3
2021,com.amazonaws.athena.connector.lambda.data.writers.fieldwriters,ConstraintApplier,0,0,1,0,3,1,0,0,-1.0,0,0
2021,com.amazonaws.athena.connector.lambda.data.writers.fieldwriters,Float8FieldWriter,4,0,3,2,41,4,0,1,0.6666666666666666,0,3
2021,com.amazonaws.athena.connector.lambda.data.writers.fieldwriters,ConstraintApplier,0,0,1,0,3,1,0,0,-1.0,0,0
2021,com.amazonaws.athena.connector.lambda.data.writers.fieldwriters,IntFieldWriter,4,0,3,2,41,4,0,1,0.6666666666666666,0,3
2021,com.amazonaws.athena.connector.lambda.data.writers.fieldwriters,ConstraintApplier,0,0,1,0,3,1,0,0,-1.0,0,0
2021,com.amazonaws.athena.connector.lambda.data.writers.fieldwriters,SmallIntFieldWriter,4,0,3,2,41,4,0,1,0.6666666666666666,0,3
2021,com.amazonaws.athena.connector.lambda.data.writers.fieldwriters,ConstraintApplier,0,0,1,0,3,1,0,0,-1.0,0,0
2021,com.amazonaws.athena.connector.lambda.data.writers.fieldwriters,TinyIntFieldWriter,4,0,3,2,41,4,0,1,0.6666666666666666,0,3
2021,com.amazonaws.athena.connector.lambda.data.writers.fieldwriters,ConstraintApplier,0,0,1,0,3,1,0,0,-1.0,0,0
2021,com.amazonaws.athena.connector.lambda.data.writers.fieldwriters,VarBinaryFieldWriter,4,0,3,2,46,5,0,1,0.6666666666666666,0,4
2021,com.amazonaws.athena.connector.lambda.data.writers.fieldwriters,ConstraintApplier,0,0,1,0,3,1,0,0,-1.0,0,1
2021,com.amazonaws.athena.connector.lambda.data.writers.fieldwriters,VarCharFieldWriter,4,0,3,2,46,5,0,1,0.6666666666666666,0,4
2021,com.amazonaws.athena.connector.lambda.data.writers.fieldwriters,ConstraintApplier,0,0,1,0,3,1,0,0,-1.0,0,1
2021,com.amazonaws.athena.connector.lambda.data.writers,GeneratedRowWriter,9,0,11,6,111,30,0,0,0.2727272727272727,2,7
2021,com.amazonaws.athena.connector.lambda.data.writers,RowWriterBuilder,3,0,4,3,25,4,0,0,1.0,1,3
2021,com.amazonaws.athena.connector.lambda.data.writers.holders,NullableDecimalHolder,2,2,0,0,4,0,0,0,-1.0,3,0
2021,com.amazonaws.athena.connector.lambda.data.writers.holders,NullableVarBinaryHolder,2,2,0,0,4,0,0,0,-1.0,3,0
2021,com.amazonaws.athena.connector.lambda.data.writers.holders,NullableVarCharHolder,2,2,0,0,4,0,0,0,-1.0,3,0
2021,com.amazonaws.athena.connector.lambda.domain.predicate,AllOrNoneValueSet,3,0,22,16,161,31,0,1,0.18181818181818182,4,4
2021,com.amazonaws.athena.connector.lambda.domain.predicate,ConstraintEvaluator,4,0,5,5,59,8,0,0,0.4,3,6
2021,com.amazonaws.athena.connector.lambda.domain.predicate,ConstraintProjector,0,0,1,0,3,1,0,0,-1.0,14,0
2021,com.amazonaws.athena.connector.lambda.domain.predicate,Constraints,1,0,6,6,43,9,0,0,0.0,19,1
2021,com.amazonaws.athena.connector.lambda.domain.predicate,EquatableValueSet,9,1,38,24,369,71,0,1,0.0,9,7
2021,com.amazonaws.athena.connector.lambda.domain.predicate,Builder,5,0,4,3,42,4,0,0,0.0,1,2
2021,com.amazonaws.athena.connector.lambda.domain.predicate,LiteralValueMarker,2,0,8,7,29,8,0,1,0.625,1,3
2021,com.amazonaws.athena.connector.lambda.domain.predicate,Marker,7,0,28,25,211,46,1,1,0.07142857142857142,22,7
2021,com.amazonaws.athena.connector.lambda.domain.predicate,MarkerFactory,7,0,12,10,117,16,0,0,0.0,3,6
2021,com.amazonaws.athena.connector.lambda.domain.predicate,BlockLease,2,0,3,3,14,3,0,0,0.0,1,1
2021,com.amazonaws.athena.connector.lambda.domain.predicate,SharedBlockMarker,2,0,2,2,18,2,0,2,0.0,0,2
2021,com.amazonaws.athena.connector.lambda.domain.predicate,Range,2,0,23,23,112,31,0,0,0.13043478260869565,13,4
2021,com.amazonaws.athena.connector.lambda.domain.predicate,Ranges,0,0,3,0,11,3,0,0,-1.0,0,0
2021,com.amazonaws.athena.connector.lambda.domain.predicate,SortedRangeSet,6,0,44,31,375,81,0,1,0.06818181818181818,11,7
2021,com.amazonaws.athena.connector.lambda.domain.predicate,Builder,3,0,4,3,45,10,0,0,0.5,0,1
2021,com.amazonaws.athena.connector.lambda.domain.predicate,ValueMarker,0,0,6,0,8,6,2,0,-1.0,4,1
2021,com.amazonaws.athena.connector.lambda.domain.predicate,ValueMarkerComparator,1,0,2,1,40,12,0,0,0.0,3,4
2021,com.amazonaws.athena.connector.lambda.domain.predicate,ValueSet,0,0,16,0,72,17,3,0,-1.0,15,3
2021,com.amazonaws.athena.connector.lambda.domain.predicate,AllOrNoneValueSetTest,1,0,11,11,93,11,0,0,0.0,0,4
2021,com.amazonaws.athena.connector.lambda.domain.predicate,EquatableValueSetTest,2,0,13,13,222,13,0,0,0.0,0,4
2021,com.amazonaws.athena.connector.lambda.domain.predicate,MarkerTest,1,0,6,6,87,10,0,0,0.0,0,2
2021,com.amazonaws.athena.connector.lambda.domain.predicate,RangeTest,1,0,20,20,191,20,0,0,0.0,0,3
2021,com.amazonaws.athena.connector.lambda.domain.predicate,SortedRangeSetTest,1,0,16,15,216,16,0,0,0.0,0,4
2021,com.amazonaws.athena.connector.lambda.domain.spill,S3SpillLocation,9,0,15,14,93,17,0,1,0.2,12,1
2021,com.amazonaws.athena.connector.lambda.domain.spill,Builder,5,0,7,6,33,7,0,0,0.42857142857142855,0,0
2021,com.amazonaws.athena.connector.lambda.domain.spill,SpillLocation,0,0,0,0,5,0,1,0,-1.0,13,0
2021,com.amazonaws.athena.connector.lambda.domain.spill,SpillLocationVerifier,4,0,4,2,67,10,0,0,0.0,3,0
2021,com.amazonaws.athena.connector.lambda.domain.spill,SpillLocationVerifierTest,3,0,6,4,82,7,0,0,0.3333333333333333,0,1
2021,com.amazonaws.athena.connector.lambda.domain,Split,6,0,18,16,139,20,0,0,0.16666666666666666,12,4
2021,com.amazonaws.athena.connector.lambda.domain,Builder,3,0,5,4,42,5,0,0,1.0,1,2
2021,com.amazonaws.athena.connector.lambda.domain,TableName,2,0,6,6,46,8,0,0,0.0,22,1
2021,com.amazonaws.athena.connector.lambda.examples,ContinuationToken,3,0,5,5,56,7,0,0,0.0,1,0
2021,com.amazonaws.athena.connector.lambda.examples,ExampleCompositeHandler,0,0,1,1,8,1,0,0,-1.0,0,0
2021,com.amazonaws.athena.connector.lambda.examples,ExampleMetadataHandler,13,3,12,8,215,28,0,0,0.16666666666666666,1,18
2021,com.amazonaws.athena.connector.lambda.examples,ExampleTable,3,3,1,0,13,1,0,0,0.0,1,0
2021,com.amazonaws.athena.connector.lambda.examples,ExampleRecordHandler,12,0,16,9,309,43,0,0,0.125,2,9
2021,com.amazonaws.athena.connector.lambda.examples,RowContext,5,0,8,8,33,8,0,0,0.375,1,0
2021,com.amazonaws.athena.connector.lambda.examples,ExampleUserDefinedFunctionHandler,2,0,5,5,52,6,0,0,1.0,1,0
2021,com.amazonaws.athena.connector.lambda.examples,ExampleMetadataHandlerTest,3,0,8,8,175,14,0,0,0.0,0,20
2021,com.amazonaws.athena.connector.lambda.examples,ExampleRecordHandlerTest,13,0,11,10,131,15,0,0,0.18181818181818182,0,21
2021,com.amazonaws.athena.connector.lambda.examples,LocalHandler,2,0,2,2,24,3,0,0,0.0,0,5
2021,com.amazonaws.athena.connector.lambda.examples,ByteHolder,1,0,2,2,9,2,0,0,0.0,1,0
2021,com.amazonaws.athena.connector.lambda.examples,ExampleUserDefinedFunctionHandlerTest,4,0,7,6,92,7,0,0,0.0,0,14
2021,com.amazonaws.athena.connector.lambda.exceptions,FederationThrottleException,0,0,3,3,15,3,0,0,-1.0,0,0
2021,com.amazonaws.athena.connector.lambda.handlers,AthenaExceptionFilter,1,1,2,1,8,2,0,0,1.0,0,1
2021,com.amazonaws.athena.connector.lambda.handlers,CompositeHandler,4,0,5,4,87,11,0,0,0.0,1,7
2021,com.amazonaws.athena.connector.lambda.handlers,FederationCapabilities,1,0,1,0,8,1,0,0,0.0,0,0
2021,com.amazonaws.athena.connector.lambda.handlers,GlueMetadataHandler,13,5,20,5,332,46,0,1,0.15,2,12
2021,com.amazonaws.athena.connector.lambda.handlers,TableFilter,0,0,1,0,8,1,0,0,-1.0,1,0
2021,com.amazonaws.athena.connector.lambda.handlers,DatabaseFilter,0,0,1,0,8,1,0,0,-1.0,1,0
2021,com.amazonaws.athena.connector.lambda.handlers,MetadataHandler,16,0,19,12,255,31,1,0,0.0,2,24
2021,com.amazonaws.athena.connector.lambda.handlers,RecordHandler,8,0,12,4,129,18,0,0,0.0,2,13
2021,com.amazonaws.athena.connector.lambda.handlers,SerDeVersion,1,1,1,0,8,1,0,0,0.0,1,0
2021,com.amazonaws.athena.connector.lambda.handlers,UserDefinedFunctionHandler,3,0,15,2,350,52,1,0,0.13333333333333333,1,14
2021,com.amazonaws.athena.connector.lambda.handlers,CompositeHandlerTest,8,1,9,9,75,9,0,0,0.0,0,19
2021,com.amazonaws.athena.connector.lambda.handlers,GlueMetadataHandlerTest,13,1,13,13,226,17,0,0,0.38461538461538464,0,16
2021,com.amazonaws.athena.connector.lambda.handlers,UserDefinedFunctionHandlerTest,3,0,18,13,219,41,0,0,0.3888888888888889,0,11
2021,com.amazonaws.athena.connector.lambda.handlers,TestUserDefinedFunctionHandler,0,0,5,5,22,6,0,1,-1.0,1,0
2021,com.amazonaws.athena.connector.lambda.metadata,GetSplitsRequest,5,0,13,13,119,15,0,1,0.0,9,6
2021,com.amazonaws.athena.connector.lambda.metadata,GetSplitsResponse,2,0,9,9,75,11,0,1,0.2222222222222222,5,2
2021,com.amazonaws.athena.connector.lambda.metadata,GetTableLayoutRequest,4,0,9,9,80,12,0,1,0.0,9,4
2021,com.amazonaws.athena.connector.lambda.metadata,GetTableLayoutResponse,2,0,7,7,56,9,0,1,0.0,5,3
2021,com.amazonaws.athena.connector.lambda.metadata,GetTableRequest,1,0,6,6,43,8,0,1,0.3333333333333333,10,3
2021,com.amazonaws.athena.connector.lambda.metadata,GetTableResponse,3,0,9,9,72,11,0,1,0.2222222222222222,7,2
2021,com.amazonaws.athena.connector.lambda.metadata,ListSchemasRequest,0,0,5,5,32,7,0,1,-1.0,8,2
2021,com.amazonaws.athena.connector.lambda.metadata,ListSchemasResponse,1,0,6,6,41,8,0,1,0.3333333333333333,6,2
2021,com.amazonaws.athena.connector.lambda.metadata,ListTablesRequest,4,1,8,8,66,10,0,1,0.25,10,2
2021,com.amazonaws.athena.connector.lambda.metadata,ListTablesResponse,2,0,7,7,51,9,0,1,0.2857142857142857,6,2
2021,com.amazonaws.athena.connector.lambda.metadata,MetadataRequest,4,0,6,6,56,6,5,0,0.3333333333333333,5,1
2021,com.amazonaws.athena.connector.lambda.metadata,MetadataResponse,2,0,3,3,32,3,5,0,0.0,1,0
2021,com.amazonaws.athena.connector.lambda.metadata,MetadataService,0,0,1,0,11,1,0,0,-1.0,0,1
2021,com.amazonaws.athena.connector.lambda.metadata.glue,GlueFieldLexer,4,0,7,2,89,19,0,0,0.7142857142857143,3,4
2021,com.amazonaws.athena.connector.lambda.metadata.glue,BaseTypeMapper,0,0,2,0,9,3,0,0,-1.0,1,1
2021,com.amazonaws.athena.connector.lambda.metadata.glue,GlueTypeParser,13,0,11,11,111,18,0,0,0.2727272727272727,2,1
2021,com.amazonaws.athena.connector.lambda.metadata.glue,Token,3,0,7,7,38,10,0,0,0.0,2,1
2021,com.amazonaws.athena.connector.lambda.metadata.glue,GlueFieldLexerTest,1,0,7,7,128,7,0,0,0.0,0,1
2021,com.amazonaws.athena.connector.lambda.metadata.glue,GlueTypeParserTest,1,0,3,3,66,6,0,0,0.0,0,1
2021,com.amazonaws.athena.connector.lambda.records,ReadRecordsRequest,6,0,11,11,100,13,0,1,0.0,9,5
2021,com.amazonaws.athena.connector.lambda.records,ReadRecordsResponse,1,0,8,8,59,10,0,1,0.0,5,2
2021,com.amazonaws.athena.connector.lambda.records,RecordRequest,3,0,4,4,45,4,1,0,0.0,4,1
2021,com.amazonaws.athena.connector.lambda.records,RecordResponse,2,0,3,3,32,3,2,0,0.0,2,0
2021,com.amazonaws.athena.connector.lambda.records,RecordService,0,0,1,0,11,1,0,0,-1.0,1,1
2021,com.amazonaws.athena.connector.lambda.records,RemoteReadRecordsResponse,3,0,9,9,69,11,0,1,0.2222222222222222,4,2
2021,com.amazonaws.athena.connector.lambda.request,FederationRequest,1,0,3,3,26,3,1,0,0.0,36,1
2021,com.amazonaws.athena.connector.lambda.request,FederationResponse,0,0,0,0,5,0,1,0,-1.0,36,0
2021,com.amazonaws.athena.connector.lambda.request,PingRequest,2,0,7,7,52,9,0,1,0.2857142857142857,10,2
2021,com.amazonaws.athena.connector.lambda.request,PingResponse,5,0,10,10,78,12,0,1,0.2,7,1
2021,com.amazonaws.athena.connector.lambda.security,AesGcmBlockCrypto,8,0,5,4,71,7,0,1,0.0,3,4
2021,com.amazonaws.athena.connector.lambda.security,BlockCrypto,0,0,3,0,28,3,2,0,-1.0,2,2
2021,com.amazonaws.athena.connector.lambda.security,CachableSecretsManager,12,0,9,7,94,16,0,0,0.0,3,1
2021,com.amazonaws.athena.connector.lambda.security,CacheEntry,3,0,4,4,21,4,0,0,0.0,1,0
2021,com.amazonaws.athena.connector.lambda.security,EncryptionKey,2,0,5,5,30,7,0,0,0.0,23,1
2021,com.amazonaws.athena.connector.lambda.security,EncryptionKeyFactory,0,0,1,0,9,1,2,0,-1.0,6,0
2021,com.amazonaws.athena.connector.lambda.security,FederatedIdentity,4,0,7,7,40,9,0,0,0.0,35,1
2021,com.amazonaws.athena.connector.lambda.security,KmsKeyFactory,2,0,2,2,21,2,0,1,0.0,0,1
2021,com.amazonaws.athena.connector.lambda.security,LocalKeyFactory,0,0,1,1,20,1,0,1,-1.0,0,1
2021,com.amazonaws.athena.connector.lambda.security,NoOpBlockCrypto,2,0,4,4,38,5,0,1,0.5,0,4
2021,com.amazonaws.athena.connector.lambda.security,BlockCryptoTest,2,0,3,3,24,3,0,0,0.0,0,7
2021,com.amazonaws.athena.connector.lambda.security,CacheableSecretsManagerTest,2,0,5,5,70,8,0,0,0.0,0,1
2021,com.amazonaws.athena.connector.lambda.security,IdentityUtil,0,0,2,1,7,2,0,0,-1.0,6,0
2021,com.amazonaws.athena.connector.lambda.serde,BaseDeserializer,0,0,18,3,206,34,3,1,-1.0,0,1
2021,com.amazonaws.athena.connector.lambda.serde,BaseSerializer,1,0,7,3,56,10,3,1,0.7142857142857143,0,1
2021,com.amazonaws.athena.connector.lambda.serde,BlockDeserializer,4,0,6,3,52,9,0,0,0.0,0,6
2021,com.amazonaws.athena.connector.lambda.serde,BlockSerializer,5,0,2,2,30,3,0,0,0.0,1,3
2021,com.amazonaws.athena.connector.lambda.serde,DelegatingDeserializer,1,0,4,4,27,6,0,2,0.0,0,1
2021,com.amazonaws.athena.connector.lambda.serde,DelegatingSerializer,1,0,3,3,24,5,0,2,0.0,0,1
2021,com.amazonaws.athena.connector.lambda.serde,FederatedIdentitySerDe,8,0,6,5,51,7,0,0,0.8333333333333334,28,1
2021,com.amazonaws.athena.connector.lambda.serde,Serializer,0,0,2,2,13,2,0,2,-1.0,0,1
2021,com.amazonaws.athena.connector.lambda.serde,Deserializer,0,0,3,3,23,4,0,2,-1.0,0,1
2021,com.amazonaws.athena.connector.lambda.serde,ObjectMapperFactory,0,0,2,1,18,2,0,0,-1.0,4,2
2021,com.amazonaws.athena.connector.lambda.serde,PingRequestSerDe,5,0,6,3,42,6,0,0,0.5,5,4
2021,com.amazonaws.athena.connector.lambda.serde,Serializer,1,0,2,1,14,2,0,3,0.0,0,3
2021,com.amazonaws.athena.connector.lambda.serde,Deserializer,1,0,3,2,18,3,0,3,0.6666666666666666,0,2
2021,com.amazonaws.athena.connector.lambda.serde,PingResponseSerDe,5,0,6,3,48,6,0,0,0.8333333333333334,5,2
2021,com.amazonaws.athena.connector.lambda.serde,Serializer,0,0,2,1,13,2,0,3,-1.0,0,2
2021,com.amazonaws.athena.connector.lambda.serde,Deserializer,0,0,3,2,23,3,0,3,-1.0,0,0
2021,com.amazonaws.athena.connector.lambda.serde,SchemaDeserializer,1,0,2,2,15,2,0,0,1.0,0,2
2021,com.amazonaws.athena.connector.lambda.serde,SchemaSerializer,2,1,2,2,18,2,0,0,1.0,1,1
2021,com.amazonaws.athena.connector.lambda.serde,TypedDeserializer,1,0,5,3,18,5,2,2,0.4,1,0
2021,com.amazonaws.athena.connector.lambda.serde,TypedSerializer,1,0,4,2,15,4,2,2,0.0,1,0
2021,com.amazonaws.athena.connector.lambda.serde,VersionedObjectMapperFactory,0,0,3,2,33,6,0,0,-1.0,11,6
2021,com.amazonaws.athena.connector.lambda.serde,VersionedSerDe,0,0,4,0,10,4,2,0,-1.0,43,0
2021,com.amazonaws.athena.connector.lambda.serde,Serializer,0,0,2,0,4,2,0,0,-1.0,0,0
2021,com.amazonaws.athena.connector.lambda.serde,Deserializer,0,0,2,0,4,2,0,0,-1.0,0,0
2021,com.amazonaws.athena.connector.lambda.serde,BlockSerializationTest,4,0,3,3,25,3,0,0,0.0,0,4
2021,com.amazonaws.athena.connector.lambda.serde,ConstraintSerializationTest,2,0,3,3,22,3,0,0,0.0,0,6
2021,com.amazonaws.athena.connector.lambda.serde,MarkerSerializationTest,2,0,4,4,41,4,0,0,0.0,0,3
2021,com.amazonaws.athena.connector.lambda.serde,ObjectMapperUtil,0,0,5,1,62,11,0,0,-1.0,7,2
2021,com.amazonaws.athena.connector.lambda.serde,PingRequestSerDeTest,1,0,5,5,40,5,0,1,0.6,0,3
2021,com.amazonaws.athena.connector.lambda.serde,PingResponseSerDeTest,1,0,5,5,38,5,0,1,0.6,0,3
2021,com.amazonaws.athena.connector.lambda.serde,SchemaSerializationTest,2,0,1,1,27,1,0,0,0.0,0,3
2021,com.amazonaws.athena.connector.lambda.serde,TestPojo,1,0,2,2,9,2,0,0,0.0,1,0
2021,com.amazonaws.athena.connector.lambda.serde,TypedSerDeTest,7,0,4,4,20,4,2,0,0.75,0,4
2021,com.amazonaws.athena.connector.lambda.serde.v2,AllOrNoneValueSetSerDe,5,0,5,2,35,5,0,0,0.4,5,3
2021,com.amazonaws.athena.connector.lambda.serde.v2,Serializer,1,0,2,1,14,2,0,0,0.0,0,3
2021,com.amazonaws.athena.connector.lambda.serde.v2,Deserializer,1,0,2,1,14,2,0,0,0.0,0,1
2021,com.amazonaws.athena.connector.lambda.serde.v2,ArrowRecordBatchSerDe,1,0,5,2,53,7,0,0,0.8,0,1
2021,com.amazonaws.athena.connector.lambda.serde.v2,Serializer,0,0,2,1,18,2,0,0,-1.0,0,0
2021,com.amazonaws.athena.connector.lambda.serde.v2,Deserializer,1,0,2,1,27,4,0,0,0.0,0,1
2021,com.amazonaws.athena.connector.lambda.serde.v2,ArrowTypeSerDe,16,0,71,2,367,73,0,0,0.7887323943661971,9,17
2021,com.amazonaws.athena.connector.lambda.serde.v2,Serializer,0,0,1,1,5,1,0,0,-1.0,0,17
2021,com.amazonaws.athena.connector.lambda.serde.v2,Deserializer,0,0,1,1,5,1,0,0,-1.0,0,17
2021,com.amazonaws.athena.connector.lambda.serde.v2,NullSerDe,0,0,4,0,17,4,0,0,-1.0,3,0
2021,com.amazonaws.athena.connector.lambda.serde.v2,Serializer,0,0,2,0,7,2,0,0,-1.0,0,0
2021,com.amazonaws.athena.connector.lambda.serde.v2,Deserializer,0,0,2,0,8,2,0,0,-1.0,0,0
2021,com.amazonaws.athena.connector.lambda.serde.v2,StructSerDe,0,0,4,0,17,4,0,0,-1.0,3,0
2021,com.amazonaws.athena.connector.lambda.serde.v2,Serializer,0,0,2,0,7,2,0,0,-1.0,0,0
2021,com.amazonaws.athena.connector.lambda.serde.v2,Deserializer,0,0,2,0,8,2,0,0,-1.0,0,0
2021,com.amazonaws.athena.connector.lambda.serde.v2,ListSerDe,0,0,4,0,17,4,0,0,-1.0,3,0
2021,com.amazonaws.athena.connector.lambda.serde.v2,Serializer,0,0,2,0,7,2,0,0,-1.0,0,0
2021,com.amazonaws.athena.connector.lambda.serde.v2,Deserializer,0,0,2,0,8,2,0,0,-1.0,0,0
2021,com.amazonaws.athena.connector.lambda.serde.v2,FixedSizeListSerDe,1,0,4,0,21,4,0,0,0.75,3,0
2021,com.amazonaws.athena.connector.lambda.serde.v2,Serializer,0,0,2,0,9,2,0,0,-1.0,0,0
2021,com.amazonaws.athena.connector.lambda.serde.v2,Deserializer,0,0,2,0,9,2,0,0,-1.0,0,0
2021,com.amazonaws.athena.connector.lambda.serde.v2,UnionSerDe,2,0,4,0,32,6,0,0,0.75,3,0
2021,com.amazonaws.athena.connector.lambda.serde.v2,Serializer,0,0,2,0,14,3,0,0,-1.0,0,0
2021,com.amazonaws.athena.connector.lambda.serde.v2,Deserializer,0,0,2,0,14,3,0,0,-1.0,0,0
2021,com.amazonaws.athena.connector.lambda.serde.v2,IntSerDe,2,0,4,0,24,4,0,0,0.75,3,0
2021,com.amazonaws.athena.connector.lambda.serde.v2,Serializer,0,0,2,0,10,2,0,0,-1.0,0,0
2021,com.amazonaws.athena.connector.lambda.serde.v2,Deserializer,0,0,2,0,10,2,0,0,-1.0,0,0
2021,com.amazonaws.athena.connector.lambda.serde.v2,FloatingPointSerDe,1,0,4,0,21,4,0,0,0.75,3,0
2021,com.amazonaws.athena.connector.lambda.serde.v2,Serializer,0,0,2,0,9,2,0,0,-1.0,0,0
2021,com.amazonaws.athena.connector.lambda.serde.v2,Deserializer,0,0,2,0,9,2,0,0,-1.0,0,0
2021,com.amazonaws.athena.connector.lambda.serde.v2,Utf8SerDe,0,0,4,0,17,4,0,0,-1.0,3,0
2021,com.amazonaws.athena.connector.lambda.serde.v2,Serializer,0,0,2,0,7,2,0,0,-1.0,0,0
2021,com.amazonaws.athena.connector.lambda.serde.v2,Deserializer,0,0,2,0,8,2,0,0,-1.0,0,0
2021,com.amazonaws.athena.connector.lambda.serde.v2,BinarySerDe,0,0,4,0,17,4,0,0,-1.0,3,0
2021,com.amazonaws.athena.connector.lambda.serde.v2,Serializer,0,0,2,0,7,2,0,0,-1.0,0,0
2021,com.amazonaws.athena.connector.lambda.serde.v2,Deserializer,0,0,2,0,8,2,0,0,-1.0,0,0
2021,com.amazonaws.athena.connector.lambda.serde.v2,FixedSizeBinarySerDe,1,0,4,0,21,4,0,0,0.75,3,0
2021,com.amazonaws.athena.connector.lambda.serde.v2,Serializer,0,0,2,0,9,2,0,0,-1.0,0,0
2021,com.amazonaws.athena.connector.lambda.serde.v2,Deserializer,0,0,2,0,9,2,0,0,-1.0,0,0
2021,com.amazonaws.athena.connector.lambda.serde.v2,BoolSerDe,0,0,4,0,17,4,0,0,-1.0,3,0
2021,com.amazonaws.athena.connector.lambda.serde.v2,Serializer,0,0,2,0,7,2,0,0,-1.0,0,0
2021,com.amazonaws.athena.connector.lambda.serde.v2,Deserializer,0,0,2,0,8,2,0,0,-1.0,0,0
2021,com.amazonaws.athena.connector.lambda.serde.v2,DecimalSerDe,2,0,4,0,24,4,0,0,0.75,3,0
2021,com.amazonaws.athena.connector.lambda.serde.v2,Serializer,0,0,2,0,10,2,0,0,-1.0,0,0
2021,com.amazonaws.athena.connector.lambda.serde.v2,Deserializer,0,0,2,0,10,2,0,0,-1.0,0,0
2021,com.amazonaws.athena.connector.lambda.serde.v2,DateSerDe,1,0,4,0,21,4,0,0,0.75,3,0
2021,com.amazonaws.athena.connector.lambda.serde.v2,Serializer,0,0,2,0,9,2,0,0,-1.0,0,0
2021,com.amazonaws.athena.connector.lambda.serde.v2,Deserializer,0,0,2,0,9,2,0,0,-1.0,0,0
2021,com.amazonaws.athena.connector.lambda.serde.v2,TimeSerDe,2,0,4,0,24,4,0,0,0.75,3,0
2021,com.amazonaws.athena.connector.lambda.serde.v2,Serializer,0,0,2,0,10,2,0,0,-1.0,0,0
2021,com.amazonaws.athena.connector.lambda.serde.v2,Deserializer,0,0,2,0,10,2,0,0,-1.0,0,0
2021,com.amazonaws.athena.connector.lambda.serde.v2,TimeStampSerDe,2,0,4,0,24,4,0,0,0.75,3,0
2021,com.amazonaws.athena.connector.lambda.serde.v2,Serializer,0,0,2,0,10,2,0,0,-1.0,0,0
2021,com.amazonaws.athena.connector.lambda.serde.v2,Deserializer,0,0,2,0,10,2,0,0,-1.0,0,0
2021,com.amazonaws.athena.connector.lambda.serde.v2,IntervalSerDe,1,0,4,0,21,4,0,0,0.75,3,0
2021,com.amazonaws.athena.connector.lambda.serde.v2,Serializer,0,0,2,0,9,2,0,0,-1.0,0,0
2021,com.amazonaws.athena.connector.lambda.serde.v2,Deserializer,0,0,2,0,9,2,0,0,-1.0,0,0
2021,com.amazonaws.athena.connector.lambda.serde.v2,MapSerDe,1,0,4,0,18,4,0,0,1.0,3,0
2021,com.amazonaws.athena.connector.lambda.serde.v2,Serializer,0,0,2,0,7,2,0,0,-1.0,0,0
2021,com.amazonaws.athena.connector.lambda.serde.v2,Deserializer,0,0,2,0,8,2,0,0,-1.0,0,0
2021,com.amazonaws.athena.connector.lambda.serde.v2,BlockSerDe,7,0,10,5,101,15,0,0,0.4,1,4
2021,com.amazonaws.athena.connector.lambda.serde.v2,Serializer,1,0,3,2,32,4,0,0,0.6666666666666666,0,2
2021,com.amazonaws.athena.connector.lambda.serde.v2,Deserializer,3,0,6,2,59,10,0,0,0.3333333333333333,0,4
2021,com.amazonaws.athena.connector.lambda.serde.v2,ConstraintsSerDe,3,0,5,4,37,7,0,0,0.4,11,2
2021,com.amazonaws.athena.connector.lambda.serde.v2,Serializer,1,0,2,2,15,3,0,0,0.0,0,2
2021,com.amazonaws.athena.connector.lambda.serde.v2,Deserializer,1,0,2,2,17,3,0,0,0.0,0,1
2021,com.amazonaws.athena.connector.lambda.serde.v2,EncryptionKeySerDe,2,0,5,4,25,5,0,0,0.8,8,1
2021,com.amazonaws.athena.connector.lambda.serde.v2,Serializer,0,0,2,2,9,2,0,0,-1.0,0,1
2021,com.amazonaws.athena.connector.lambda.serde.v2,Deserializer,0,0,2,2,10,2,0,0,-1.0,0,0
2021,com.amazonaws.athena.connector.lambda.serde.v2,EquatableValueSetSerDe,5,0,5,2,35,5,0,0,0.4,5,4
2021,com.amazonaws.athena.connector.lambda.serde.v2,Serializer,1,0,2,1,14,2,0,0,0.0,0,3
2021,com.amazonaws.athena.connector.lambda.serde.v2,Deserializer,1,0,2,1,14,2,0,0,0.0,0,2
2021,com.amazonaws.athena.connector.lambda.serde.v2,FederationRequestSerDe,0,0,3,2,14,3,0,0,-1.0,1,8
2021,com.amazonaws.athena.connector.lambda.serde.v2,Serializer,0,0,1,1,5,1,0,0,-1.0,0,8
2021,com.amazonaws.athena.connector.lambda.serde.v2,Deserializer,0,0,1,1,5,1,0,0,-1.0,0,8
2021,com.amazonaws.athena.connector.lambda.serde.v2,FederationResponseSerDe,0,0,3,2,14,3,0,0,-1.0,1,9
2021,com.amazonaws.athena.connector.lambda.serde.v2,Serializer,0,0,1,1,5,1,0,0,-1.0,0,9
2021,com.amazonaws.athena.connector.lambda.serde.v2,Deserializer,0,0,1,1,5,1,0,0,-1.0,0,9
2021,com.amazonaws.athena.connector.lambda.serde.v2,GetSplitsRequestSerDe,16,0,5,2,60,5,0,0,0.4,5,10
2021,com.amazonaws.athena.connector.lambda.serde.v2,Serializer,4,0,2,1,24,2,0,1,0.0,0,6
2021,com.amazonaws.athena.connector.lambda.serde.v2,Deserializer,4,0,2,1,24,2,0,1,0.0,0,8
2021,com.amazonaws.athena.connector.lambda.serde.v2,GetSplitsResponseSerDe,5,0,5,2,44,7,0,0,0.4,5,3
2021,com.amazonaws.athena.connector.lambda.serde.v2,Serializer,1,0,2,1,17,3,0,0,0.0,0,3
2021,com.amazonaws.athena.connector.lambda.serde.v2,Deserializer,1,0,2,1,20,3,0,0,0.0,0,1
2021,com.amazonaws.athena.connector.lambda.serde.v2,GetTableLayoutRequestSerDe,15,0,5,2,58,5,0,0,0.4,5,9
2021,com.amazonaws.athena.connector.lambda.serde.v2,Serializer,4,0,2,1,23,2,0,1,0.0,0,6
2021,com.amazonaws.athena.connector.lambda.serde.v2,Deserializer,4,0,2,1,24,2,0,1,0.0,0,7
2021,com.amazonaws.athena.connector.lambda.serde.v2,GetTableLayoutResponseSerDe,7,0,5,2,41,5,0,0,0.4,5,6
2021,com.amazonaws.athena.connector.lambda.serde.v2,Serializer,2,0,2,1,17,2,0,0,0.0,0,4
2021,com.amazonaws.athena.connector.lambda.serde.v2,Deserializer,2,0,2,1,17,2,0,0,0.0,0,4
2021,com.amazonaws.athena.connector.lambda.serde.v2,GetTableRequestSerDe,5,0,5,2,33,5,0,0,0.4,5,6
2021,com.amazonaws.athena.connector.lambda.serde.v2,Serializer,2,0,2,1,14,2,0,1,0.0,0,4
2021,com.amazonaws.athena.connector.lambda.serde.v2,Deserializer,2,0,2,1,14,2,0,1,0.0,0,4
2021,com.amazonaws.athena.connector.lambda.serde.v2,GetTableResponseSerDe,8,0,5,2,45,5,0,0,0.4,5,5
2021,com.amazonaws.athena.connector.lambda.serde.v2,Serializer,2,0,2,1,18,2,0,0,0.0,0,4
2021,com.amazonaws.athena.connector.lambda.serde.v2,Deserializer,2,0,2,1,19,2,0,0,0.0,0,3
2021,com.amazonaws.athena.connector.lambda.serde.v2,LambdaFunctionExceptionSerDe,5,0,7,3,73,14,0,0,1.0,2,0
2021,com.amazonaws.athena.connector.lambda.serde.v2,Deserializer,0,0,6,3,61,13,0,0,-1.0,0,0
2021,com.amazonaws.athena.connector.lambda.serde.v2,ListSchemasRequestSerDe,5,0,5,2,26,5,0,0,1.0,5,3
2021,com.amazonaws.athena.connector.lambda.serde.v2,Serializer,1,0,2,1,9,2,0,1,1.0,0,2
2021,com.amazonaws.athena.connector.lambda.serde.v2,Deserializer,1,0,2,1,10,2,0,1,1.0,0,2
2021,com.amazonaws.athena.connector.lambda.serde.v2,ListSchemasResponseSerDe,2,0,5,2,26,5,0,0,0.8,5,2
2021,com.amazonaws.athena.connector.lambda.serde.v2,Serializer,0,0,2,1,10,2,0,0,-1.0,0,2
2021,com.amazonaws.athena.connector.lambda.serde.v2,Deserializer,0,0,2,1,10,2,0,0,-1.0,0,0
2021,com.amazonaws.athena.connector.lambda.serde.v2,ListTablesRequestSerDe,8,0,5,2,41,6,0,0,0.8,5,4
2021,com.amazonaws.athena.connector.lambda.serde.v2,Serializer,1,0,2,1,13,2,0,1,1.0,0,3
2021,com.amazonaws.athena.connector.lambda.serde.v2,Deserializer,1,0,2,1,18,3,0,1,1.0,0,2
2021,com.amazonaws.athena.connector.lambda.serde.v2,ListTablesResponseSerDe,5,0,5,2,48,8,0,0,0.4,5,3
2021,com.amazonaws.athena.connector.lambda.serde.v2,Serializer,1,0,2,1,17,3,0,0,0.0,0,3
2021,com.amazonaws.athena.connector.lambda.serde.v2,Deserializer,1,0,2,1,24,4,0,0,0.0,0,1
2021,com.amazonaws.athena.connector.lambda.serde.v2,MarkerSerDe,5,0,5,4,34,5,0,0,0.4,5,3
2021,com.amazonaws.athena.connector.lambda.serde.v2,Serializer,1,0,2,2,13,2,0,0,0.0,0,2
2021,com.amazonaws.athena.connector.lambda.serde.v2,Deserializer,1,0,2,2,14,2,0,0,0.0,0,3
2021,com.amazonaws.athena.connector.lambda.serde.v2,MetadataRequestDeserializer,1,0,3,0,15,3,5,0,0.0,0,2
2021,com.amazonaws.athena.connector.lambda.serde.v2,MetadataRequestSerializer,4,0,3,0,19,3,5,0,0.0,0,3
2021,com.amazonaws.athena.connector.lambda.serde.v2,ObjectMapperFactoryV2,3,0,13,5,168,19,0,0,0.8461538461538461,3,41
2021,com.amazonaws.athena.connector.lambda.serde.v2,StrictSerializerFactory,0,0,3,2,23,6,0,0,-1.0,0,0
2021,com.amazonaws.athena.connector.lambda.serde.v2,StrictDeserializerFactory,0,0,3,2,23,6,0,0,-1.0,0,0
2021,com.amazonaws.athena.connector.lambda.serde.v2,StrictObjectMapper,0,0,1,0,14,1,0,0,-1.0,0,5
2021,com.amazonaws.athena.connector.lambda.serde.v2,RangeSerDe,4,0,5,4,33,5,0,0,0.4,5,3
2021,com.amazonaws.athena.connector.lambda.serde.v2,Serializer,1,0,2,2,13,2,0,0,0.0,0,2
2021,com.amazonaws.athena.connector.lambda.serde.v2,Deserializer,1,0,2,2,14,2,0,0,0.0,0,2
2021,com.amazonaws.athena.connector.lambda.serde.v2,ReadRecordsRequestSerDe,19,0,5,2,77,5,0,0,0.4,5,11
2021,com.amazonaws.athena.connector.lambda.serde.v2,Serializer,5,0,2,1,32,2,0,0,0.0,0,7
2021,com.amazonaws.athena.connector.lambda.serde.v2,Deserializer,5,0,2,1,32,2,0,0,0.0,0,9
2021,com.amazonaws.athena.connector.lambda.serde.v2,ReadRecordsResponseSerDe,4,0,5,2,32,5,0,0,0.4,5,4
2021,com.amazonaws.athena.connector.lambda.serde.v2,Serializer,1,0,2,1,13,2,0,0,0.0,0,3
2021,com.amazonaws.athena.connector.lambda.serde.v2,Deserializer,1,0,2,1,13,2,0,0,0.0,0,2
2021,com.amazonaws.athena.connector.lambda.serde.v2,RemoteReadRecordsResponseSerDe,10,0,5,2,59,7,0,0,0.4,5,6
2021,com.amazonaws.athena.connector.lambda.serde.v2,Serializer,3,0,2,1,24,3,0,0,0.0,0,5
2021,com.amazonaws.athena.connector.lambda.serde.v2,Deserializer,3,0,2,1,27,3,0,0,0.0,0,4
2021,com.amazonaws.athena.connector.lambda.serde.v2,S3SpillLocationSerDe,3,0,5,2,29,5,0,0,0.8,5,2
2021,com.amazonaws.athena.connector.lambda.serde.v2,Serializer,0,0,2,1,11,2,0,0,-1.0,0,2
2021,com.amazonaws.athena.connector.lambda.serde.v2,Deserializer,0,0,2,1,11,2,0,0,-1.0,0,0
2021,com.amazonaws.athena.connector.lambda.serde.v2,SchemaSerDe,0,0,7,6,42,8,0,0,-1.0,1,0
2021,com.amazonaws.athena.connector.lambda.serde.v2,Serializer,0,0,3,3,16,3,0,0,-1.0,0,0
2021,com.amazonaws.athena.connector.lambda.serde.v2,Deserializer,0,0,3,3,18,4,0,0,-1.0,0,0
2021,com.amazonaws.athena.connector.lambda.serde.v2,SortedRangeSetSerDe,7,0,5,2,51,7,0,0,0.4,5,4
2021,com.amazonaws.athena.connector.lambda.serde.v2,Serializer,2,0,2,1,21,3,0,0,0.0,0,4
2021,com.amazonaws.athena.connector.lambda.serde.v2,Deserializer,2,0,2,1,23,3,0,0,0.0,0,3
2021,com.amazonaws.athena.connector.lambda.serde.v2,SpillLocationSerDe,0,0,3,2,14,3,0,0,-1.0,8,1
2021,com.amazonaws.athena.connector.lambda.serde.v2,Serializer,0,0,1,1,5,1,0,0,-1.0,0,1
2021,com.amazonaws.athena.connector.lambda.serde.v2,Deserializer,0,0,1,1,5,1,0,0,-1.0,0,1
2021,com.amazonaws.athena.connector.lambda.serde.v2,SplitSerDe,7,0,5,4,58,8,0,0,0.4,8,5
2021,com.amazonaws.athena.connector.lambda.serde.v2,Serializer,2,0,2,2,26,4,0,0,0.0,0,3
2021,com.amazonaws.athena.connector.lambda.serde.v2,Deserializer,2,0,2,2,25,3,0,0,0.0,0,4
2021,com.amazonaws.athena.connector.lambda.serde.v2,TableNameSerDe,2,0,5,4,25,5,0,0,0.8,23,1
2021,com.amazonaws.athena.connector.lambda.serde.v2,Serializer,0,0,2,2,9,2,0,0,-1.0,0,1
2021,com.amazonaws.athena.connector.lambda.serde.v2,Deserializer,0,0,2,2,10,2,0,0,-1.0,0,0
2021,com.amazonaws.athena.connector.lambda.serde.v2,UserDefinedFunctionRequestSerDe,11,0,5,2,53,5,0,0,0.4,5,6
2021,com.amazonaws.athena.connector.lambda.serde.v2,Serializer,3,0,2,1,22,2,0,0,0.0,0,4
2021,com.amazonaws.athena.connector.lambda.serde.v2,Deserializer,3,0,2,1,22,2,0,0,0.0,0,4
2021,com.amazonaws.athena.connector.lambda.serde.v2,UserDefinedFunctionResponseSerDe,4,0,5,2,32,5,0,0,0.4,5,4
2021,com.amazonaws.athena.connector.lambda.serde.v2,Serializer,1,0,2,1,13,2,0,0,0.0,0,3
2021,com.amazonaws.athena.connector.lambda.serde.v2,Deserializer,1,0,2,1,13,2,0,0,0.0,0,2
2021,com.amazonaws.athena.connector.lambda.serde.v2,ValueSetSerDe,0,0,3,2,14,3,0,0,-1.0,5,3
2021,com.amazonaws.athena.connector.lambda.serde.v2,Serializer,0,0,1,1,5,1,0,0,-1.0,0,3
2021,com.amazonaws.athena.connector.lambda.serde.v2,Deserializer,0,0,1,1,5,1,0,0,-1.0,0,3
2021,com.amazonaws.athena.connector.lambda.serde.v2,ArrowSerDeTest,1,0,2,2,35,4,0,0,0.0,0,1
2021,com.amazonaws.athena.connector.lambda.serde.v2,GetSplitsRequestSerDeTest,1,0,3,3,43,4,0,0,0.6666666666666666,0,9
2021,com.amazonaws.athena.connector.lambda.serde.v2,GetSplitsResponseSerDeTest,1,0,3,3,34,3,0,0,0.6666666666666666,0,6
2021,com.amazonaws.athena.connector.lambda.serde.v2,GetTableLayoutRequestSerDeTest,1,0,3,3,32,3,0,0,0.6666666666666666,0,7
2021,com.amazonaws.athena.connector.lambda.serde.v2,GetTableLayoutResponseSerDeTest,1,0,3,3,37,4,0,0,0.6666666666666666,0,5
2021,com.amazonaws.athena.connector.lambda.serde.v2,GetTableRequestSerDeTest,1,0,3,3,25,3,0,0,0.6666666666666666,0,2
2021,com.amazonaws.athena.connector.lambda.serde.v2,GetTableResponseSerDeTest,1,0,3,3,26,3,0,0,0.6666666666666666,0,3
2021,com.amazonaws.athena.connector.lambda.serde.v2,LambdaFunctionExceptionSerDeTest,1,0,3,3,28,3,0,0,1.0,0,0
2021,com.amazonaws.athena.connector.lambda.serde.v2,ListSchemasRequestSerDeTest,1,0,3,3,25,3,0,0,0.6666666666666666,0,2
2021,com.amazonaws.athena.connector.lambda.serde.v2,ListSchemasResponseSerDeTest,1,0,3,3,25,3,0,0,0.6666666666666666,0,2
2021,com.amazonaws.athena.connector.lambda.serde.v2,ListTablesRequestSerDeTest,1,0,3,3,25,3,0,0,0.6666666666666666,0,2
2021,com.amazonaws.athena.connector.lambda.serde.v2,ListTablesResponseSerDeTest,1,0,3,3,25,3,0,0,0.6666666666666666,0,2
2021,com.amazonaws.athena.connector.lambda.serde.v2,ObjectMapperFactoryV2Test,0,0,2,2,14,2,0,0,-1.0,0,1
2021,com.amazonaws.athena.connector.lambda.serde.v2,ReadRecordsRequestSerDeTest,1,0,3,3,46,4,0,0,0.6666666666666666,0,13
2021,com.amazonaws.athena.connector.lambda.serde.v2,ReadRecordsResponseSerDeTest,1,0,3,3,37,4,0,0,0.6666666666666666,0,5
2021,com.amazonaws.athena.connector.lambda.serde.v2,RemoteReadRecordsResponseSerDeTest,1,0,3,3,32,3,0,0,0.6666666666666666,0,6
2021,com.amazonaws.athena.connector.lambda.serde.v2,UserDefinedFunctionRequestSerDeTest,1,0,3,3,34,3,0,0,0.6666666666666666,0,4
2021,com.amazonaws.athena.connector.lambda.serde.v2,UserDefinedFunctionResponseSerDeTest,1,0,3,3,33,4,0,0,0.6666666666666666,0,5
2021,com.amazonaws.athena.connector.lambda.serde.v3,ArrowRecordBatchSerDeV3,1,0,5,2,46,7,0,0,0.8,0,1
2021,com.amazonaws.athena.connector.lambda.serde.v3,Serializer,0,0,2,1,15,2,0,0,-1.0,0,0
2021,com.amazonaws.athena.connector.lambda.serde.v3,Deserializer,1,0,2,1,27,4,0,0,0.0,0,1
2021,com.amazonaws.athena.connector.lambda.serde.v3,BlockSerDeV3,7,0,10,5,95,15,0,0,0.4,1,4
2021,com.amazonaws.athena.connector.lambda.serde.v3,Serializer,1,0,3,2,29,4,0,0,0.6666666666666666,0,2
2021,com.amazonaws.athena.connector.lambda.serde.v3,Deserializer,3,0,6,2,59,10,0,0,0.3333333333333333,0,4
2021,com.amazonaws.athena.connector.lambda.serde.v3,ObjectMapperFactoryV3,3,0,13,5,168,19,0,0,0.8461538461538461,3,38
2021,com.amazonaws.athena.connector.lambda.serde.v3,StrictSerializerFactory,0,0,3,2,23,6,0,0,-1.0,0,0
2021,com.amazonaws.athena.connector.lambda.serde.v3,StrictDeserializerFactory,0,0,3,2,23,6,0,0,-1.0,0,0
2021,com.amazonaws.athena.connector.lambda.serde.v3,StrictObjectMapper,0,0,1,0,14,1,0,0,-1.0,0,4
2021,com.amazonaws.athena.connector.lambda.serde.v3,SchemaSerDeV3,0,0,7,6,33,8,0,0,-1.0,1,0
2021,com.amazonaws.athena.connector.lambda.serde.v3,Serializer,0,0,3,3,13,3,0,0,-1.0,0,0
2021,com.amazonaws.athena.connector.lambda.serde.v3,Deserializer,0,0,3,3,16,4,0,0,-1.0,0,0
2021,com.amazonaws.athena.connector.lambda.serde.v3,ObjectMapperFactoryV3Test,0,0,2,2,14,2,0,0,-1.0,0,1
2021,com.amazonaws.athena.connector.lambda.udf,UserDefinedFunctionRequest,4,0,8,8,41,10,0,0,0.0,7,3
2021,com.amazonaws.athena.connector.lambda.udf,UserDefinedFunctionResponse,2,0,6,6,30,8,0,0,0.0,6,2
2021,com.amazonaws.athena.connector.lambda.utils,TestUtils,4,3,4,4,60,6,0,0,0.5,1,0
2021,com.amazonaws.athena.udf.textanalytics,TextAnalyticsUDFHandler,5,2,71,28,1113,174,0,0,0.028169014084507043,1,4
