CommitCount,33
DaysActive,2405
FirstCommitDate,2017-06-16
LastCommitDate,2024-01-17
AuthorCount,13
SponsoredAuthorCount,6
PercentageSponsoredAuthors,0.46153846153846156
TimezoneCount,3
AuthorActiveDays_count,13
AuthorActiveDays_mean,43.15384615384615
AuthorActiveDays_stdev,102.07990836745346
AuthorCommitCount_count,13
AuthorCommitCount_mean,2.5384615384615383
AuthorCommitCount_stdev,1.3913653136029502
TimezoneAuthorCount_count,3
TimezoneAuthorCount_mean,5
TimezoneAuthorCount_stdev,3.0
TimezoneCommitCount_count,3
TimezoneCommitCount_mean,11
TimezoneCommitCount_stdev,7.211102550927978
CommitMessageSentiment_count,33
CommitMessageSentiment_mean,0
CommitMessageSentiment_stdev,0.0
Tag Count,5
FN,0.2079002079002079
TagCommitCount_count,5
TagCommitCount_mean,6.2
TagCommitCount_stdev,8.28854631404084
commitCentrality_Density,0.05128205128205128
commitCentrality_Community Count,10
commitCentrality_TFN,13
commitCentrality_TFC,0.0
commitCentrality_NumberHighCentralityAuthors,0
commitCentrality_PercentageHighCentralityAuthors,0.0
commitCentrality_Closeness_count,13
commitCentrality_Closeness_mean,0.05128205128205128
commitCentrality_Closeness_stdev,0.07247654105190866
commitCentrality_Betweenness_count,13
commitCentrality_Betweenness_mean,0.0
commitCentrality_Betweenness_stdev,0.0
commitCentrality_Centrality_count,13
commitCentrality_Centrality_mean,0.05128205128205128
commitCentrality_Centrality_stdev,0.07247654105190866
commitCentrality_CommunityAuthorCount_count,10
commitCentrality_CommunityAuthorCount_mean,1.3
commitCentrality_CommunityAuthorCount_stdev,0.6749485577105528
commitCentrality_CommunityAuthorItemCount_count,10
commitCentrality_CommunityAuthorItemCount_mean,3.3
commitCentrality_CommunityAuthorItemCount_stdev,1.8287822299126937
