CommitCount,250
DaysActive,2306
FirstCommitDate,2017-11-13
LastCommitDate,2024-03-07
AuthorCount,35
SponsoredAuthorCount,20
PercentageSponsoredAuthors,0.5714285714285714
TimezoneCount,10
AuthorActiveDays_count,35
AuthorActiveDays_mean,97.31428571428572
AuthorActiveDays_stdev,187.16142316013665
AuthorCommitCount_count,35
AuthorCommitCount_mean,7.142857142857143
AuthorCommitCount_stdev,13.829088815934028
TimezoneAuthorCount_count,10
TimezoneAuthorCount_mean,4.6
TimezoneAuthorCount_stdev,6.149977416399366
TimezoneCommitCount_count,10
TimezoneCommitCount_mean,25
TimezoneCommitCount_stdev,48.51116709927039
CommitMessageSentiment_count,250
CommitMessageSentiment_mean,0.08
CommitMessageSentiment_stdev,0.44088264883091133
CommitMessageSentimentsPositive_count,33
CommitMessageSentimentsPositive_mean,1.0303030303030303
CommitMessageSentimentsPositive_stdev,0.17407765595569785
CommitMessageSentimentsNegative_count,14
CommitMessageSentimentsNegative_mean,-1
CommitMessageSentimentsNegative_stdev,0.0
Tag Count,45
FN,1.9514310494362535
TagCommitCount_count,45
TagCommitCount_mean,13.488888888888889
TagCommitCount_stdev,16.98745823758626
commitCentrality_Density,0.1546218487394958
commitCentrality_Community Count,4
commitCentrality_TFN,34
commitCentrality_TFC,5.6000000000000005
commitCentrality_NumberHighCentralityAuthors,1
commitCentrality_PercentageHighCentralityAuthors,0.02857142857142857
commitCentrality_Closeness_count,35
commitCentrality_Closeness_mean,0.3931231236552986
commitCentrality_Closeness_stdev,0.1227373870374463
commitCentrality_Betweenness_count,35
commitCentrality_Betweenness_mean,0.03656735421441304
commitCentrality_Betweenness_stdev,0.09052145532900131
commitCentrality_Centrality_count,35
commitCentrality_Centrality_mean,0.1546218487394958
commitCentrality_Centrality_stdev,0.1234187296909725
commitCentrality_CommunityAuthorCount_count,4
commitCentrality_CommunityAuthorCount_mean,8.75
commitCentrality_CommunityAuthorCount_stdev,4.7871355387816905
commitCentrality_CommunityAuthorItemCount_count,4
commitCentrality_CommunityAuthorItemCount_mean,62.5
commitCentrality_CommunityAuthorItemCount_stdev,64.6658075544307
