CommitCount,29
DaysActive,1628
FirstCommitDate,2020-02-20
LastCommitDate,2024-08-06
AuthorCount,6
SponsoredAuthorCount,1
PercentageSponsoredAuthors,0.16666666666666666
TimezoneCount,5
AuthorActiveDays_count,6
AuthorActiveDays_mean,224.83333333333334
AuthorActiveDays_stdev,548.277454092968
AuthorCommitCount_count,6
AuthorCommitCount_mean,4.833333333333333
AuthorCommitCount_stdev,8.010409893798611
TimezoneAuthorCount_count,5
TimezoneAuthorCount_mean,1.4
TimezoneAuthorCount_stdev,0.5477225575051661
TimezoneCommitCount_count,5
TimezoneCommitCount_mean,5.8
TimezoneCommitCount_stdev,6.723094525588644
CommitMessageSentiment_count,29
CommitMessageSentiment_mean,0.06896551724137931
CommitMessageSentiment_stdev,0.3713906763541037
CommitMessageSentimentsPositive_count,3
CommitMessageSentimentsPositive_mean,1
CommitMessageSentimentsPositive_stdev,0.0
CommitMessageSentimentsNegative_count,1
CommitMessageSentimentsNegative_mean,-1
CommitMessageSentimentsNegative_stdev,
Tag Count,4
FN,0.2457002457002457
TagCommitCount_count,4
TagCommitCount_mean,6
TagCommitCount_stdev,6.0553007081949835
commitCentrality_Density,0.26666666666666666
commitCentrality_Community Count,3
commitCentrality_TFN,6
commitCentrality_TFC,0.0
commitCentrality_NumberHighCentralityAuthors,0
commitCentrality_PercentageHighCentralityAuthors,0.0
commitCentrality_Closeness_count,6
commitCentrality_Closeness_mean,0.26666666666666666
commitCentrality_Closeness_stdev,0.16329931618554522
commitCentrality_Betweenness_count,6
commitCentrality_Betweenness_mean,0.0
commitCentrality_Betweenness_stdev,0.0
commitCentrality_Centrality_count,6
commitCentrality_Centrality_mean,0.26666666666666666
commitCentrality_Centrality_stdev,0.16329931618554522
commitCentrality_CommunityAuthorCount_count,3
commitCentrality_CommunityAuthorCount_mean,2
commitCentrality_CommunityAuthorCount_stdev,1.0
commitCentrality_CommunityAuthorItemCount_count,3
commitCentrality_CommunityAuthorItemCount_mean,9.666666666666666
commitCentrality_CommunityAuthorItemCount_stdev,14.153915830374764
