CommitCount,506
DaysActive,2313
FirstCommitDate,2018-04-09
LastCommitDate,2024-08-09
AuthorCount,40
SponsoredAuthorCount,15
PercentageSponsoredAuthors,0.375
TimezoneCount,10
AuthorActiveDays_count,40
AuthorActiveDays_mean,155.4
AuthorActiveDays_stdev,455.8766589825895
AuthorCommitCount_count,40
AuthorCommitCount_mean,12.65
AuthorCommitCount_stdev,44.56660242022104
TimezoneAuthorCount_count,10
TimezoneAuthorCount_mean,5
TimezoneAuthorCount_stdev,7.2571803523590805
TimezoneCommitCount_count,10
TimezoneCommitCount_mean,50.6
TimezoneCommitCount_stdev,71.0699186247834
CommitMessageSentiment_count,506
CommitMessageSentiment_mean,0.005928853754940711
CommitMessageSentiment_stdev,0.3641950664319013
CommitMessageSentimentsPositive_count,30
CommitMessageSentimentsPositive_mean,1.0333333333333334
CommitMessageSentimentsPositive_stdev,0.18257418583505536
CommitMessageSentimentsNegative_count,25
CommitMessageSentimentsNegative_mean,-1.12
CommitMessageSentimentsNegative_stdev,0.33166247903553997
Tag Count,78
FN,3.372243839169909
TagCommitCount_count,78
TagCommitCount_mean,6.564102564102564
TagCommitCount_stdev,20.651461219072377
commitCentrality_Density,0.15128205128205127
commitCentrality_Community Count,6
commitCentrality_TFN,38
commitCentrality_TFC,71.34387351778656
commitCentrality_NumberHighCentralityAuthors,2
commitCentrality_PercentageHighCentralityAuthors,0.05
commitCentrality_Closeness_count,40
commitCentrality_Closeness_mean,0.5025664729546128
commitCentrality_Closeness_stdev,0.11158560287374943
commitCentrality_Betweenness_count,40
commitCentrality_Betweenness_mean,0.023043184885290148
commitCentrality_Betweenness_stdev,0.09620958949480198
commitCentrality_Centrality_count,40
commitCentrality_Centrality_mean,0.15128205128205127
commitCentrality_Centrality_stdev,0.15217146808956794
commitCentrality_CommunityAuthorCount_count,6
commitCentrality_CommunityAuthorCount_mean,6.666666666666667
commitCentrality_CommunityAuthorCount_stdev,3.204163957519444
commitCentrality_CommunityAuthorItemCount_count,6
commitCentrality_CommunityAuthorItemCount_mean,84.33333333333333
commitCentrality_CommunityAuthorItemCount_stdev,110.58872757504116
