CommitCount,15
DaysActive,2122
FirstCommitDate,2018-03-26
LastCommitDate,2024-01-17
AuthorCount,9
SponsoredAuthorCount,5
PercentageSponsoredAuthors,0.5555555555555556
TimezoneCount,2
AuthorActiveDays_count,9
AuthorActiveDays_mean,45
AuthorActiveDays_stdev,122.44488556081058
AuthorCommitCount_count,9
AuthorCommitCount_mean,1.6666666666666667
AuthorCommitCount_stdev,0.9999999999999999
TimezoneAuthorCount_count,2
TimezoneAuthorCount_mean,4.5
TimezoneAuthorCount_stdev,0.7071067811865476
TimezoneCommitCount_count,2
TimezoneCommitCount_mean,7.5
TimezoneCommitCount_stdev,2.1213203435596424
CommitMessageSentiment_count,15
CommitMessageSentiment_mean,0
CommitMessageSentiment_stdev,0.0
Tag Count,4
FN,0.1885014137606032
TagCommitCount_count,4
TagCommitCount_mean,3.5
TagCommitCount_stdev,3.0
commitCentrality_Density,0.027777777777777776
commitCentrality_Community Count,8
commitCentrality_TFN,9
commitCentrality_TFC,0.0
commitCentrality_NumberHighCentralityAuthors,0
commitCentrality_PercentageHighCentralityAuthors,0.0
commitCentrality_Closeness_count,9
commitCentrality_Closeness_mean,0.027777777777777776
commitCentrality_Closeness_stdev,0.055119818980512304
commitCentrality_Betweenness_count,9
commitCentrality_Betweenness_mean,0.0
commitCentrality_Betweenness_stdev,0.0
commitCentrality_Centrality_count,9
commitCentrality_Centrality_mean,0.027777777777777776
commitCentrality_Centrality_stdev,0.055119818980512304
commitCentrality_CommunityAuthorCount_count,8
commitCentrality_CommunityAuthorCount_mean,1.125
commitCentrality_CommunityAuthorCount_stdev,0.3535533905932738
commitCentrality_CommunityAuthorItemCount_count,8
commitCentrality_CommunityAuthorItemCount_mean,1.875
commitCentrality_CommunityAuthorItemCount_stdev,1.1259916264596033
