CommitCount,49
DaysActive,1092
FirstCommitDate,2017-05-07
LastCommitDate,2020-05-04
AuthorCount,12
SponsoredAuthorCount,3
PercentageSponsoredAuthors,0.25
TimezoneCount,5
AuthorActiveDays_count,12
AuthorActiveDays_mean,139.33333333333334
AuthorActiveDays_stdev,326.57877605517626
AuthorCommitCount_count,12
AuthorCommitCount_mean,4.083333333333333
AuthorCommitCount_stdev,4.6604395682914905
TimezoneAuthorCount_count,5
TimezoneAuthorCount_mean,3.2
TimezoneAuthorCount_stdev,3.3466401061363023
TimezoneCommitCount_count,5
TimezoneCommitCount_mean,9.8
TimezoneCommitCount_stdev,11.584472366059664
CommitMessageSentiment_count,49
CommitMessageSentiment_mean,0.04081632653061224
CommitMessageSentiment_stdev,0.4061600502198091
CommitMessageSentimentsPositive_count,5
CommitMessageSentimentsPositive_mean,1
CommitMessageSentimentsPositive_stdev,0.0
CommitMessageSentimentsNegative_count,3
CommitMessageSentimentsNegative_mean,-1
CommitMessageSentimentsNegative_stdev,0.0
Tag Count,6
FN,0.5494505494505495
TagCommitCount_count,6
TagCommitCount_mean,20
TagCommitCount_stdev,27.07027890510181
commitCentrality_Density,0.2878787878787879
commitCentrality_Community Count,5
commitCentrality_TFN,10
commitCentrality_TFC,42.857142857142854
commitCentrality_NumberHighCentralityAuthors,2
commitCentrality_PercentageHighCentralityAuthors,0.16666666666666666
commitCentrality_Closeness_count,12
commitCentrality_Closeness_mean,0.38321947412856505
commitCentrality_Closeness_stdev,0.2487243439775727
commitCentrality_Betweenness_count,12
commitCentrality_Betweenness_mean,0.025757575757575757
commitCentrality_Betweenness_stdev,0.05708066093908843
commitCentrality_Centrality_count,12
commitCentrality_Centrality_mean,0.2878787878787879
commitCentrality_Centrality_stdev,0.23843130373663757
commitCentrality_CommunityAuthorCount_count,5
commitCentrality_CommunityAuthorCount_mean,2.4
commitCentrality_CommunityAuthorCount_stdev,1.949358868961793
commitCentrality_CommunityAuthorItemCount_count,5
commitCentrality_CommunityAuthorItemCount_mean,9.8
commitCentrality_CommunityAuthorItemCount_stdev,12.029131306956458
