CommitCount,16
DaysActive,2140
FirstCommitDate,2018-03-08
LastCommitDate,2024-01-17
AuthorCount,9
SponsoredAuthorCount,5
PercentageSponsoredAuthors,0.5555555555555556
TimezoneCount,3
AuthorActiveDays_count,9
AuthorActiveDays_mean,45.44444444444444
AuthorActiveDays_stdev,122.22940635451756
AuthorCommitCount_count,9
AuthorCommitCount_mean,1.7777777777777777
AuthorCommitCount_stdev,0.97182531580755
TimezoneAuthorCount_count,3
TimezoneAuthorCount_mean,3.3333333333333335
TimezoneAuthorCount_stdev,2.081665999466133
TimezoneCommitCount_count,3
TimezoneCommitCount_mean,5.333333333333333
TimezoneCommitCount_stdev,4.041451884327381
CommitMessageSentiment_count,16
CommitMessageSentiment_mean,0
CommitMessageSentiment_stdev,0.0
Tag Count,4
FN,0.1869158878504673
TagCommitCount_count,4
TagCommitCount_mean,3.75
TagCommitCount_stdev,3.5
commitCentrality_Density,0.027777777777777776
commitCentrality_Community Count,8
commitCentrality_TFN,9
commitCentrality_TFC,0.0
commitCentrality_NumberHighCentralityAuthors,0
commitCentrality_PercentageHighCentralityAuthors,0.0
commitCentrality_Closeness_count,9
commitCentrality_Closeness_mean,0.027777777777777776
commitCentrality_Closeness_stdev,0.055119818980512304
commitCentrality_Betweenness_count,9
commitCentrality_Betweenness_mean,0.0
commitCentrality_Betweenness_stdev,0.0
commitCentrality_Centrality_count,9
commitCentrality_Centrality_mean,0.027777777777777776
commitCentrality_Centrality_stdev,0.055119818980512304
commitCentrality_CommunityAuthorCount_count,8
commitCentrality_CommunityAuthorCount_mean,1.125
commitCentrality_CommunityAuthorCount_stdev,0.3535533905932738
commitCentrality_CommunityAuthorItemCount_count,8
commitCentrality_CommunityAuthorItemCount_mean,2
commitCentrality_CommunityAuthorItemCount_stdev,1.0690449676496976
