CommitCount,80
DaysActive,2623
FirstCommitDate,2017-05-02
LastCommitDate,2024-07-08
AuthorCount,19
SponsoredAuthorCount,8
PercentageSponsoredAuthors,0.42105263157894735
TimezoneCount,8
AuthorActiveDays_count,19
AuthorActiveDays_mean,98.42105263157895
AuthorActiveDays_stdev,229.70060605286315
AuthorCommitCount_count,19
AuthorCommitCount_mean,4.2105263157894735
AuthorCommitCount_stdev,6.133504955646133
TimezoneAuthorCount_count,8
TimezoneAuthorCount_mean,2.75
TimezoneAuthorCount_stdev,3.370036032024414
TimezoneCommitCount_count,8
TimezoneCommitCount_mean,10
TimezoneCommitCount_stdev,18.40807276325099
CommitMessageSentiment_count,80
CommitMessageSentiment_mean,-0.15
CommitMessageSentiment_stdev,0.4528391448839648
CommitMessageSentimentsPositive_count,2
CommitMessageSentimentsPositive_mean,1
CommitMessageSentimentsPositive_stdev,0.0
CommitMessageSentimentsNegative_count,13
CommitMessageSentimentsNegative_mean,-1.0769230769230769
CommitMessageSentimentsNegative_stdev,0.2773500981126146
Tag Count,5
FN,0.19062142584826536
TagCommitCount_count,5
TagCommitCount_mean,9.2
TagCommitCount_stdev,9.011104260855047
commitCentrality_Density,0.15789473684210525
commitCentrality_Community Count,5
commitCentrality_TFN,19
commitCentrality_TFC,0.0
commitCentrality_NumberHighCentralityAuthors,0
commitCentrality_PercentageHighCentralityAuthors,0.0
commitCentrality_Closeness_count,19
commitCentrality_Closeness_mean,0.18395347342715765
commitCentrality_Closeness_stdev,0.09147986108681903
commitCentrality_Betweenness_count,19
commitCentrality_Betweenness_mean,0.005503955968352253
commitCentrality_Betweenness_stdev,0.018131697238061656
commitCentrality_Centrality_count,19
commitCentrality_Centrality_mean,0.15789473684210525
commitCentrality_Centrality_stdev,0.10187400078151498
commitCentrality_CommunityAuthorCount_count,5
commitCentrality_CommunityAuthorCount_mean,3.8
commitCentrality_CommunityAuthorCount_stdev,2.588435821108957
commitCentrality_CommunityAuthorItemCount_count,5
commitCentrality_CommunityAuthorItemCount_mean,16
commitCentrality_CommunityAuthorItemCount_stdev,17.549928774784245
