Project Name,Package Name,Type Name,NOF,NOPF,NOM,NOPM,LOC,WMC,NC,DIT,LCOM,FANIN,FANOUT
2020,com.amazonaws.samples.kinesisanalytics.flink.streaming.etl.events,TripEvent,52,21,140,137,1436,220,0,0,0.3357142857142857,5,2
2020,com.amazonaws.samples.kinesisanalytics.flink.streaming.etl.events,Builder,20,0,84,81,897,124,0,0,0.4642857142857143,2,2
2020,com.amazonaws.samples.kinesisanalytics.flink.streaming.etl,StreamingEtl,2,0,9,2,107,18,0,0,0.3333333333333333,1,5
2020,com.amazonaws.samples.kinesisanalytics.flink.streaming.etl.utils,AmazonElasticsearchSink,4,0,6,6,39,7,0,0,0.5,1,1
2020,com.amazonaws.samples.kinesisanalytics.flink.streaming.etl.utils,SerializableAWSSigningRequestInterceptor,2,0,2,2,16,3,0,0,0.0,1,0
2020,com.amazonaws.samples.kinesisanalytics.flink.streaming.etl.utils,ParameterToolUtils,0,0,2,2,16,3,0,0,-1.0,2,1
2020,com.amazonaws.samples.kinesisanalytics.flink.streaming.etl.utils,TripEventBucketAssigner,1,0,3,3,12,3,0,0,0.6666666666666666,0,1
2020,com.amazonaws.samples.kinesisanalytics.flink.streaming.etl.utils,TripEventSchema,2,0,8,5,87,8,0,0,0.625,2,2
