Year,Code Metric,Community Metric,Mean Code Metric,Mean Community Metric
Year 0,LOC,CommitCount,107.90413957104886,64.86666666666666
Year 0,LOC,AuthorCount,107.90413957104886,12.783333333333333
Year 0,LOC,DaysActive,107.90413957104886,2211.3333333333335
Year 0,WMC,CommitCount,18.055354411425295,64.86666666666666
Year 0,WMC,AuthorCount,18.055354411425295,12.783333333333333
Year 0,WMC,DaysActive,18.055354411425295,2211.3333333333335
Year 0,LCOM,CommitCount,-0.09532862700546585,64.86666666666666
Year 0,LCOM,AuthorCount,-0.09532862700546585,12.783333333333333
Year 0,LCOM,DaysActive,-0.09532862700546585,2211.3333333333335
Year 1,LOC,CommitCount,242.11374668691738,64.35
Year 1,LOC,AuthorCount,242.11374668691738,11.975
Year 1,LOC,DaysActive,242.11374668691738,2167.375
Year 1,WMC,CommitCount,39.32421814385871,64.35
Year 1,WMC,AuthorCount,39.32421814385871,11.975
Year 1,WMC,DaysActive,39.32421814385871,2167.375
Year 1,LCOM,CommitCount,-0.08732977973414197,64.35
Year 1,LCOM,AuthorCount,-0.08732977973414197,11.975
Year 1,LCOM,DaysActive,-0.08732977973414197,2167.375
Year 2,LOC,CommitCount,55.53846153846154,161.0
Year 2,LOC,AuthorCount,55.53846153846154,10.142857142857142
Year 2,LOC,DaysActive,55.53846153846154,1729.4285714285713
Year 2,WMC,CommitCount,7.076923076923077,161.0
Year 2,WMC,AuthorCount,7.076923076923077,10.142857142857142
Year 2,WMC,DaysActive,7.076923076923077,1729.4285714285713
Year 2,LCOM,CommitCount,-0.1542124542124542,161.0
Year 2,LCOM,AuthorCount,-0.1542124542124542,10.142857142857142
Year 2,LCOM,DaysActive,-0.1542124542124542,1729.4285714285713
