CommitCount,21
DaysActive,2233
FirstCommitDate,2017-12-05
LastCommitDate,2024-01-17
AuthorCount,10
SponsoredAuthorCount,4
PercentageSponsoredAuthors,0.4
TimezoneCount,3
AuthorActiveDays_count,10
AuthorActiveDays_mean,45.4
AuthorActiveDays_stdev,115.31425661113104
AuthorCommitCount_count,10
AuthorCommitCount_mean,2.1
AuthorCommitCount_stdev,1.1972189997378648
TimezoneAuthorCount_count,3
TimezoneAuthorCount_mean,3.6666666666666665
TimezoneAuthorCount_stdev,1.5275252316519468
TimezoneCommitCount_count,3
TimezoneCommitCount_mean,7
TimezoneCommitCount_stdev,4.58257569495584
CommitMessageSentiment_count,21
CommitMessageSentiment_mean,0
CommitMessageSentiment_stdev,0.0
Tag Count,4
FN,0.17913121361397222
TagCommitCount_count,4
TagCommitCount_mean,4.25
TagCommitCount_stdev,4.5
commitCentrality_Density,0.022222222222222223
commitCentrality_Community Count,9
commitCentrality_TFN,10
commitCentrality_TFC,0.0
commitCentrality_NumberHighCentralityAuthors,0
commitCentrality_PercentageHighCentralityAuthors,0.0
commitCentrality_Closeness_count,10
commitCentrality_Closeness_mean,0.02222222222222222
commitCentrality_Closeness_stdev,0.04684855792842043
commitCentrality_Betweenness_count,10
commitCentrality_Betweenness_mean,0.0
commitCentrality_Betweenness_stdev,0.0
commitCentrality_Centrality_count,10
commitCentrality_Centrality_mean,0.02222222222222222
commitCentrality_Centrality_stdev,0.04684855792842043
commitCentrality_CommunityAuthorCount_count,9
commitCentrality_CommunityAuthorCount_mean,1.1111111111111112
commitCentrality_CommunityAuthorCount_stdev,0.33333333333333337
commitCentrality_CommunityAuthorItemCount_count,9
commitCentrality_CommunityAuthorItemCount_mean,2.3333333333333335
commitCentrality_CommunityAuthorItemCount_stdev,1.224744871391589
