CommitCount,32
DaysActive,2471
FirstCommitDate,2017-04-11
LastCommitDate,2024-01-17
AuthorCount,14
SponsoredAuthorCount,8
PercentageSponsoredAuthors,0.5714285714285714
TimezoneCount,3
AuthorActiveDays_count,14
AuthorActiveDays_mean,40.857142857142854
AuthorActiveDays_stdev,98.32431199693355
AuthorCommitCount_count,14
AuthorCommitCount_mean,2.2857142857142856
AuthorCommitCount_stdev,1.1387288073563857
TimezoneAuthorCount_count,3
TimezoneAuthorCount_mean,5.333333333333333
TimezoneAuthorCount_stdev,3.5118845842842465
TimezoneCommitCount_count,3
TimezoneCommitCount_mean,10.666666666666666
TimezoneCommitCount_stdev,7.505553499465135
CommitMessageSentiment_count,32
CommitMessageSentiment_mean,0
CommitMessageSentiment_stdev,0.0
Tag Count,4
FN,0.16187778227438285
TagCommitCount_count,4
TagCommitCount_mean,7.25
TagCommitCount_stdev,10.5
commitCentrality_Density,0.04395604395604396
commitCentrality_Community Count,11
commitCentrality_TFN,14
commitCentrality_TFC,0.0
commitCentrality_NumberHighCentralityAuthors,0
commitCentrality_PercentageHighCentralityAuthors,0.0
commitCentrality_Closeness_count,14
commitCentrality_Closeness_mean,0.04395604395604396
commitCentrality_Closeness_stdev,0.0655100482502031
commitCentrality_Betweenness_count,14
commitCentrality_Betweenness_mean,0.0
commitCentrality_Betweenness_stdev,0.0
commitCentrality_Centrality_count,14
commitCentrality_Centrality_mean,0.04395604395604396
commitCentrality_Centrality_stdev,0.0655100482502031
commitCentrality_CommunityAuthorCount_count,11
commitCentrality_CommunityAuthorCount_mean,1.2727272727272727
commitCentrality_CommunityAuthorCount_stdev,0.6466697906828632
commitCentrality_CommunityAuthorItemCount_count,11
commitCentrality_CommunityAuthorItemCount_mean,2.909090909090909
commitCentrality_CommunityAuthorItemCount_stdev,1.300349603340998
