CommitCount,18
DaysActive,2140
FirstCommitDate,2018-03-08
LastCommitDate,2024-01-17
AuthorCount,9
SponsoredAuthorCount,5
PercentageSponsoredAuthors,0.5555555555555556
TimezoneCount,3
AuthorActiveDays_count,9
AuthorActiveDays_mean,47.888888888888886
AuthorActiveDays_stdev,121.60534984576586
AuthorCommitCount_count,9
AuthorCommitCount_mean,2
AuthorCommitCount_stdev,1.0
TimezoneAuthorCount_count,3
TimezoneAuthorCount_mean,3.3333333333333335
TimezoneAuthorCount_stdev,2.081665999466133
TimezoneCommitCount_count,3
TimezoneCommitCount_mean,6
TimezoneCommitCount_stdev,4.58257569495584
CommitMessageSentiment_count,18
CommitMessageSentiment_mean,0
CommitMessageSentiment_stdev,0.0
Tag Count,5
FN,0.23364485981308408
TagCommitCount_count,5
TagCommitCount_mean,3.8
TagCommitCount_stdev,2.949576240750525
commitCentrality_Density,0.027777777777777776
commitCentrality_Community Count,8
commitCentrality_TFN,9
commitCentrality_TFC,0.0
commitCentrality_NumberHighCentralityAuthors,0
commitCentrality_PercentageHighCentralityAuthors,0.0
commitCentrality_Closeness_count,9
commitCentrality_Closeness_mean,0.027777777777777776
commitCentrality_Closeness_stdev,0.055119818980512304
commitCentrality_Betweenness_count,9
commitCentrality_Betweenness_mean,0.0
commitCentrality_Betweenness_stdev,0.0
commitCentrality_Centrality_count,9
commitCentrality_Centrality_mean,0.027777777777777776
commitCentrality_Centrality_stdev,0.055119818980512304
commitCentrality_CommunityAuthorCount_count,8
commitCentrality_CommunityAuthorCount_mean,1.125
commitCentrality_CommunityAuthorCount_stdev,0.3535533905932738
commitCentrality_CommunityAuthorItemCount_count,8
commitCentrality_CommunityAuthorItemCount_mean,2.25
commitCentrality_CommunityAuthorItemCount_stdev,1.0350983390135313
