CommitCount,39
DaysActive,2660
FirstCommitDate,2016-10-05
LastCommitDate,2024-01-17
AuthorCount,15
SponsoredAuthorCount,8
PercentageSponsoredAuthors,0.5333333333333333
TimezoneCount,3
AuthorActiveDays_count,15
AuthorActiveDays_mean,52.53333333333333
AuthorActiveDays_stdev,100.55905632773117
AuthorCommitCount_count,15
AuthorCommitCount_mean,2.6
AuthorCommitCount_stdev,1.8439088914585775
TimezoneAuthorCount_count,3
TimezoneAuthorCount_mean,6.333333333333333
TimezoneAuthorCount_stdev,2.309401076758503
TimezoneCommitCount_count,3
TimezoneCommitCount_mean,13
TimezoneCommitCount_stdev,3.0
CommitMessageSentiment_count,39
CommitMessageSentiment_mean,0
CommitMessageSentiment_stdev,0.0
Tag Count,4
FN,0.15037593984962408
TagCommitCount_count,4
TagCommitCount_mean,8.75
TagCommitCount_stdev,12.84198842339716
commitCentrality_Density,0.047619047619047616
commitCentrality_Community Count,11
commitCentrality_TFN,15
commitCentrality_TFC,0.0
commitCentrality_NumberHighCentralityAuthors,0
commitCentrality_PercentageHighCentralityAuthors,0.0
commitCentrality_Closeness_count,15
commitCentrality_Closeness_mean,0.05380952380952381
commitCentrality_Closeness_stdev,0.07600716681465931
commitCentrality_Betweenness_count,15
commitCentrality_Betweenness_mean,0.0014652014652014654
commitCentrality_Betweenness_stdev,0.005674700873563981
commitCentrality_Centrality_count,15
commitCentrality_Centrality_mean,0.047619047619047616
commitCentrality_Centrality_stdev,0.06970714806775237
commitCentrality_CommunityAuthorCount_count,11
commitCentrality_CommunityAuthorCount_mean,1.3636363636363635
commitCentrality_CommunityAuthorCount_stdev,0.9244162777371754
commitCentrality_CommunityAuthorItemCount_count,11
commitCentrality_CommunityAuthorItemCount_mean,3.5454545454545454
commitCentrality_CommunityAuthorItemCount_stdev,3.751363388519869
