CommitCount,9
DaysActive,1621
FirstCommitDate,2019-08-10
LastCommitDate,2024-01-17
AuthorCount,5
SponsoredAuthorCount,2
PercentageSponsoredAuthors,0.4
TimezoneCount,1
AuthorActiveDays_count,5
AuthorActiveDays_mean,76
AuthorActiveDays_stdev,164.92422502470643
AuthorCommitCount_count,5
AuthorCommitCount_mean,1.8
AuthorCommitCount_stdev,1.3038404810405297
TimezoneAuthorCount_count,1
TimezoneAuthorCount_mean,5
TimezoneAuthorCount_stdev,
TimezoneCommitCount_count,1
TimezoneCommitCount_mean,9
TimezoneCommitCount_stdev,
CommitMessageSentiment_count,9
CommitMessageSentiment_mean,0
CommitMessageSentiment_stdev,0.0
Tag Count,2
FN,0.12338062924120913
TagCommitCount_count,2
TagCommitCount_mean,3
TagCommitCount_stdev,1.4142135623730951
commitCentrality_Density,0.1
commitCentrality_Community Count,4
commitCentrality_TFN,5
commitCentrality_TFC,0.0
commitCentrality_NumberHighCentralityAuthors,0
commitCentrality_PercentageHighCentralityAuthors,0.0
commitCentrality_Closeness_count,5
commitCentrality_Closeness_mean,0.1
commitCentrality_Closeness_stdev,0.13693063937629152
commitCentrality_Betweenness_count,5
commitCentrality_Betweenness_mean,0.0
commitCentrality_Betweenness_stdev,0.0
commitCentrality_Centrality_count,5
commitCentrality_Centrality_mean,0.1
commitCentrality_Centrality_stdev,0.13693063937629152
commitCentrality_CommunityAuthorCount_count,4
commitCentrality_CommunityAuthorCount_mean,1.25
commitCentrality_CommunityAuthorCount_stdev,0.5
commitCentrality_CommunityAuthorItemCount_count,4
commitCentrality_CommunityAuthorItemCount_mean,2.25
commitCentrality_CommunityAuthorItemCount_stdev,1.5
