CommitCount,37
DaysActive,2805
FirstCommitDate,2016-10-05
LastCommitDate,2024-06-10
AuthorCount,14
SponsoredAuthorCount,8
PercentageSponsoredAuthors,0.5714285714285714
TimezoneCount,3
AuthorActiveDays_count,14
AuthorActiveDays_mean,61.92857142857143
AuthorActiveDays_stdev,102.67309158812613
AuthorCommitCount_count,14
AuthorCommitCount_mean,2.642857142857143
AuthorCommitCount_stdev,1.6458405781822274
TimezoneAuthorCount_count,3
TimezoneAuthorCount_mean,6.333333333333333
TimezoneAuthorCount_stdev,2.309401076758503
TimezoneCommitCount_count,3
TimezoneCommitCount_mean,12.333333333333334
TimezoneCommitCount_stdev,3.055050463303893
CommitMessageSentiment_count,37
CommitMessageSentiment_mean,0
CommitMessageSentiment_stdev,0.0
Tag Count,4
FN,0.14260249554367202
TagCommitCount_count,4
TagCommitCount_mean,8
TagCommitCount_stdev,12.0
commitCentrality_Density,0.04395604395604396
commitCentrality_Community Count,11
commitCentrality_TFN,14
commitCentrality_TFC,0.0
commitCentrality_NumberHighCentralityAuthors,0
commitCentrality_PercentageHighCentralityAuthors,0.0
commitCentrality_Closeness_count,14
commitCentrality_Closeness_mean,0.04395604395604396
commitCentrality_Closeness_stdev,0.0655100482502031
commitCentrality_Betweenness_count,14
commitCentrality_Betweenness_mean,0.0
commitCentrality_Betweenness_stdev,0.0
commitCentrality_Centrality_count,14
commitCentrality_Centrality_mean,0.04395604395604396
commitCentrality_Centrality_stdev,0.0655100482502031
commitCentrality_CommunityAuthorCount_count,11
commitCentrality_CommunityAuthorCount_mean,1.2727272727272727
commitCentrality_CommunityAuthorCount_stdev,0.6466697906828632
commitCentrality_CommunityAuthorItemCount_count,11
commitCentrality_CommunityAuthorItemCount_mean,3.3636363636363638
commitCentrality_CommunityAuthorItemCount_stdev,3.2022719207689807
